id|cover|images|name|location|category|price|type|leilao|description|discountPercent
100|https://imagens.portalzuk.com.br/mini/2026/01/017a16b8415e5bbf6eeb086617d4e24f.webp|https://imagens.portalzuk.com.br/mini/2026/01/017a16b8415e5bbf6eeb086617d4e24f.webp;https://imagens.portalzuk.com.br/mini/2026/01/017a16b8415e5bbf6eeb086617d4e24f.webp|Rua Professor Doutor João Pitta Pinheiro Filho,  302|"Rua Professor Doutor João Pitta Pinheiro Filho, 302 Casa em leilão - Rua Professor Doutor João Pitta Pinheiro Filho, 302 - Porto Alegre/RS - Cashme Soluções Financeiras S/A | Z35399"|Venda|"R$
                      385.000,0042"|Casa||"Casa em leilão - Rua Professor Doutor João Pitta Pinheiro Filho, 302 - Porto Alegre/RS - Cashme Soluções Financeiras S/A | Z35399"|
101|https://imagens.portalzuk.com.br/mini/2026/02/f01aeaaa67831e965cd18fcbc57b0e60.webp|https://imagens.portalzuk.com.br/mini/2026/02/f01aeaaa67831e965cd18fcbc57b0e60.webp;https://imagens.portalzuk.com.br/mini/2026/02/f01aeaaa67831e965cd18fcbc57b0e60.webp|Rua Hortencio Rodrigues Barbosa,  54|"Rua Hortencio Rodrigues Barbosa, 54 Casa em leilão - Rua Hortencio Rodrigues Barbosa, 54 - Porto Alegre/RS - Banco Santander Brasil S/A | Z35513"|Venda|"R$
                      540.000,0028"|Casa||"Casa em leilão - Rua Hortencio Rodrigues Barbosa, 54 - Porto Alegre/RS - Banco Santander Brasil S/A | Z35513"|
102|https://imagens.portalzuk.com.br/mini/2026/02/e34c2538c45c1de3759594360c70f104.webp|https://imagens.portalzuk.com.br/mini/2026/02/e34c2538c45c1de3759594360c70f104.webp;https://imagens.portalzuk.com.br/mini/2026/02/e34c2538c45c1de3759594360c70f104.webp|Avenida Fabio Araujo Santos,  1458|"Avenida Fabio Araujo Santos, 1458 Apartamentos e Flats em leilão - Avenida Fabio Araujo Santos, 1458 - Porto Alegre/RS - Banco Santander Brasil S/A | Z35513"|Venda|"R$
                      220.000,0020"|Apartamento||"Apartamentos e Flats em leilão - Avenida Fabio Araujo Santos, 1458 - Porto Alegre/RS - Banco Santander Brasil S/A | Z35513"|
103|https://imagens.portalzuk.com.br/mini/2026/02/72f7970076057476470ba12b193ed7b5.webp|https://imagens.portalzuk.com.br/mini/2026/02/72f7970076057476470ba12b193ed7b5.webp;https://imagens.portalzuk.com.br/mini/2026/02/72f7970076057476470ba12b193ed7b5.webp|Rua Eroni Soares Machado,  300|"Rua Eroni Soares Machado, 300 Casa em leilão - Rua Eroni Soares Machado, 300 - Porto Alegre/RS - Banco Santander Brasil S/A | Z35513"|Venda|"R$
                      630.800,0024"|Casa||"Casa em leilão - Rua Eroni Soares Machado, 300 - Porto Alegre/RS - Banco Santander Brasil S/A | Z35513"|
104|https://imagens.portalzuk.com.br/mini/2026/02/4792f5dd6df0c379220420f8f22fc688.webp|https://imagens.portalzuk.com.br/mini/2026/02/4792f5dd6df0c379220420f8f22fc688.webp;https://imagens.portalzuk.com.br/mini/2026/02/4792f5dd6df0c379220420f8f22fc688.webp|Rua Corticeira,  551|"Rua Corticeira, 551 Casa em leilão - Rua Corticeira, 551 - Porto Alegre/RS - Banco Santander Brasil S/A | Z35513"|Venda|"R$
                      547.200,0024"|Casa||"Casa em leilão - Rua Corticeira, 551 - Porto Alegre/RS - Banco Santander Brasil S/A | Z35513"|
105|https://imagens.portalzuk.com.br/mini/2026/02/cdb5bf787e98d8a541f53059d39da34c.webp|https://imagens.portalzuk.com.br/mini/2026/02/cdb5bf787e98d8a541f53059d39da34c.webp;https://imagens.portalzuk.com.br/mini/2026/02/cdb5bf787e98d8a541f53059d39da34c.webp|Rua Carlos Estevão,  460|"Rua Carlos Estevão, 460 Apartamentos e Flats em leilão - Rua Carlos Estevão, 460 - Porto Alegre/RS - Banco Santander Brasil S/A | Z35513"|Venda|"R$
                      80.660,0012"|Apartamento||"Apartamentos e Flats em leilão - Rua Carlos Estevão, 460 - Porto Alegre/RS - Banco Santander Brasil S/A | Z35513"|
106|https://imagens.portalzuk.com.br/mini/2026/02/ce6654f9a5bad28859717a1fdf735cab.webp|https://imagens.portalzuk.com.br/mini/2026/02/ce6654f9a5bad28859717a1fdf735cab.webp;https://imagens.portalzuk.com.br/mini/2026/02/ce6654f9a5bad28859717a1fdf735cab.webp|Rua Dona Augusta,  486|"Rua Dona Augusta, 486 Apartamentos e Flats em leilão - Rua Dona Augusta, 486 - Porto Alegre/RS - Banco Santander Brasil S/A | Z35513"|Venda|"R$
                      191.000,00"|Apartamento||"Apartamentos e Flats em leilão - Rua Dona Augusta, 486 - Porto Alegre/RS - Banco Santander Brasil S/A | Z35513"|
107|https://imagens.portalzuk.com.br/mini/2026/02/60026b985bab35c03375c1c6fb9a3e35.webp|https://imagens.portalzuk.com.br/mini/2026/02/60026b985bab35c03375c1c6fb9a3e35.webp;https://imagens.portalzuk.com.br/mini/2026/02/60026b985bab35c03375c1c6fb9a3e35.webp|Rua Marcílio Dias,  358|"Rua Marcílio Dias, 358 Apartamentos e Flats em leilão - Rua Marcílio Dias, 358 - Porto Alegre/RS - Banco Santander Brasil S/A | Z35513"|Venda|"R$
                      156.000,0020"|Apartamento||"Apartamentos e Flats em leilão - Rua Marcílio Dias, 358 - Porto Alegre/RS - Banco Santander Brasil S/A | Z35513"|
108|https://imagens.portalzuk.com.br/mini/2026/02/03506027778c7bc552d31c78d6346332.webp|https://imagens.portalzuk.com.br/mini/2026/02/03506027778c7bc552d31c78d6346332.webp;https://imagens.portalzuk.com.br/mini/2026/02/03506027778c7bc552d31c78d6346332.webp|Rua Otávio Faria,  53|"Rua Otávio Faria, 53 Casa em leilão - Rua Otávio Faria, 53 - Porto Alegre/RS - Banco Santander Brasil S/A | Z35513"|Venda|"R$
                      487.160,0024"|Casa||"Casa em leilão - Rua Otávio Faria, 53 - Porto Alegre/RS - Banco Santander Brasil S/A | Z35513"|
109|https://imagens.portalzuk.com.br/mini/2026/02/e7fc68c14a3f07b9baf7b7220c9a042a.webp|https://imagens.portalzuk.com.br/mini/2026/02/e7fc68c14a3f07b9baf7b7220c9a042a.webp;https://imagens.portalzuk.com.br/mini/2026/02/e7fc68c14a3f07b9baf7b7220c9a042a.webp|Rua Carlos Huber,  442|"Rua Carlos Huber, 442 Apartamentos e Flats em leilão - Rua Carlos Huber, 442 - Porto Alegre/RS - Banco Santander Brasil S/A | Z35513"|Venda|"R$
                      780.000,0026"|Apartamento||"Apartamentos e Flats em leilão - Rua Carlos Huber, 442 - Porto Alegre/RS - Banco Santander Brasil S/A | Z35513"|
110|https://imagens.portalzuk.com.br/mini/2026/02/bf68656ed7735a7922f5b9d6e9f09d23.webp|https://imagens.portalzuk.com.br/mini/2026/02/bf68656ed7735a7922f5b9d6e9f09d23.webp;https://imagens.portalzuk.com.br/mini/2026/02/bf68656ed7735a7922f5b9d6e9f09d23.webp|Rua Saldanha da Gama,  853|"Rua Saldanha da Gama, 853 Apartamentos e Flats em leilão - Rua Saldanha da Gama, 853 - Porto Alegre/RS - Associação de Poupança e Empréstimo - POUPEX | Z35525"|Venda|"R$
                      196.000,00"|Apartamento||"Apartamentos e Flats em leilão - Rua Saldanha da Gama, 853 - Porto Alegre/RS - Associação de Poupança e Empréstimo - POUPEX | Z35525"|
111|https://imagens.portalzuk.com.br/mini/2026/02/4fdc7e5fa4cb610a8adf1281487c6f94.webp|https://imagens.portalzuk.com.br/mini/2026/02/4fdc7e5fa4cb610a8adf1281487c6f94.webp;https://imagens.portalzuk.com.br/mini/2026/02/4fdc7e5fa4cb610a8adf1281487c6f94.webp|Rua São Marcos,  335|"Rua São Marcos, 335 Casa em leilão - Rua São Marcos, 335 - Porto Alegre/RS - Associação de Poupança e Empréstimo - POUPEX | Z35525"|Venda|"R$
                      639.000,00"|Casa||"Casa em leilão - Rua São Marcos, 335 - Porto Alegre/RS - Associação de Poupança e Empréstimo - POUPEX | Z35525"|
112|https://imagens.portalzuk.com.br/mini/2025/04/f3b88bc73662972e3942938265ddec4a.webp|https://imagens.portalzuk.com.br/mini/2025/04/f3b88bc73662972e3942938265ddec4a.webp;https://imagens.portalzuk.com.br/mini/2025/04/f3b88bc73662972e3942938265ddec4a.webp|Avenida Pinto Bandeira,  471/475|"Avenida Pinto Bandeira, 471/475 Imóveis - Comerciais em leilão - Avenida Pinto Bandeira, 471/475 - Porto Alegre/RS - Porto Seguro Companhia de Seguros Gerais | Z33140"|Venda|Aberto para proposta|Desconhecido||"Imóveis - Comerciais em leilão - Avenida Pinto Bandeira, 471/475 - Porto Alegre/RS - Porto Seguro Companhia de Seguros Gerais | Z33140"|
113|https://imagens.portalzuk.com.br/mini/2026/01/e5e187120190e1d0c0fb5747fec459dd.webp|https://imagens.portalzuk.com.br/mini/2026/01/e5e187120190e1d0c0fb5747fec459dd.webp;https://imagens.portalzuk.com.br/mini/2026/01/e5e187120190e1d0c0fb5747fec459dd.webp|Avenida Praia de Belas,  2050|"Avenida Praia de Belas, 2050 Apartamentos e Flats em leilão - Avenida Praia de Belas, 2050 - Porto Alegre/RS - Itaú Unibanco S/A | Z35378"|Venda|"R$
          453.381,50"|Apartamento||"Apartamentos e Flats em leilão - Avenida Praia de Belas, 2050 - Porto Alegre/RS - Itaú Unibanco S/A  | Z35378"|
114|https://imagens.portalzuk.com.br/mini/2026/01/a4fa0aa21b3d46451245006501abe883.webp|https://imagens.portalzuk.com.br/mini/2026/01/a4fa0aa21b3d46451245006501abe883.webp;https://imagens.portalzuk.com.br/mini/2026/01/a4fa0aa21b3d46451245006501abe883.webp|Rua Napoleão Jacques da Rosa,  133|"Rua Napoleão Jacques da Rosa, 133 Apartamentos e Flats em leilão - Rua Napoleão Jacques da Rosa, 133 - Porto Alegre/RS - Itaú Unibanco S/A | Z35378"|Venda|"R$
          98.956,00"|Apartamento||"Apartamentos e Flats em leilão - Rua Napoleão Jacques da Rosa, 133 - Porto Alegre/RS - Itaú Unibanco S/A  | Z35378"|
115|https://imagens.portalzuk.com.br/mini/2026/01/497b6a9aed353554d3b0c972de3e5fa6.webp|https://imagens.portalzuk.com.br/mini/2026/01/497b6a9aed353554d3b0c972de3e5fa6.webp;https://imagens.portalzuk.com.br/mini/2026/01/497b6a9aed353554d3b0c972de3e5fa6.webp|Rua Gabriel Franco da Luz,  242|"Rua Gabriel Franco da Luz, 242 Apartamentos e Flats em leilão - Rua Gabriel Franco da Luz, 242 - Porto Alegre/RS - Itaú Unibanco S/A | Z35378"|Venda|"R$
          101.959,00"|Apartamento||"Apartamentos e Flats em leilão - Rua Gabriel Franco da Luz, 242 - Porto Alegre/RS - Itaú Unibanco S/A  | Z35378"|
116|https://imagens.portalzuk.com.br/mini/2026/01/79f59a28f01f5d4be657e843c3f4599c.webp|https://imagens.portalzuk.com.br/mini/2026/01/79f59a28f01f5d4be657e843c3f4599c.webp;https://imagens.portalzuk.com.br/mini/2026/01/79f59a28f01f5d4be657e843c3f4599c.webp|Rua dos Andradas,  1814|"Rua dos Andradas, 1814 Apartamentos e Flats em leilão - Rua dos Andradas, 1814 - Porto Alegre/RS - Itaú Unibanco S/A | Z35378"|Venda|"R$
          177.127,50"|Apartamento||"Apartamentos e Flats em leilão - Rua dos Andradas, 1814 - Porto Alegre/RS - Itaú Unibanco S/A  | Z35378"|
117|https://imagens.portalzuk.com.br/mini/2026/01/0813ae4f18d616f626a40387ad1f219c.webp|https://imagens.portalzuk.com.br/mini/2026/01/0813ae4f18d616f626a40387ad1f219c.webp;https://imagens.portalzuk.com.br/mini/2026/01/0813ae4f18d616f626a40387ad1f219c.webp|Rua Orfanotrófio,  1111|"Rua Orfanotrófio, 1111 Apartamentos e Flats em leilão - Rua Orfanotrófio, 1111 - Porto Alegre/RS - Itaú Unibanco S/A | Z35378"|Venda|"R$
          140.580,00"|Apartamento||"Apartamentos e Flats em leilão - Rua Orfanotrófio, 1111 - Porto Alegre/RS - Itaú Unibanco S/A  | Z35378"|
118|https://imagens.portalzuk.com.br/mini/2026/01/c0330d808777f1e888a32e35f908664d.webp|https://imagens.portalzuk.com.br/mini/2026/01/c0330d808777f1e888a32e35f908664d.webp;https://imagens.portalzuk.com.br/mini/2026/01/c0330d808777f1e888a32e35f908664d.webp|Avenida Polônia,  375|"Avenida Polônia, 375 Apartamentos e Flats em leilão - Avenida Polônia, 375 - Porto Alegre/RS - Itaú Unibanco S/A | Z35378"|Venda|"R$
          327.360,00"|Apartamento||"Apartamentos e Flats em leilão - Avenida Polônia, 375 - Porto Alegre/RS - Itaú Unibanco S/A  | Z35378"|
119|https://imagens.portalzuk.com.br/mini/2026/02/46451ae110ed82ab308adeac2a6686b1.webp|https://imagens.portalzuk.com.br/mini/2026/02/46451ae110ed82ab308adeac2a6686b1.webp;https://imagens.portalzuk.com.br/mini/2026/02/46451ae110ed82ab308adeac2a6686b1.webp|Rua Voluntários da Pátria,  700|"Rua Voluntários da Pátria, 700 Apartamentos e Flats em leilão - Rua Voluntários da Pátria, 700 - Porto Alegre/RS - Outros Comitentes | Z35567"|Venda|"R$
                      20.000,00"|Apartamento||"Apartamentos e Flats em leilão - Rua Voluntários da Pátria, 700 - Porto Alegre/RS - Outros Comitentes | Z35567"|
120|https://imagens.portalzuk.com.br/mini/2026/02/95d3f4dd65a32e03884ee7ae8f16416a.webp|https://imagens.portalzuk.com.br/mini/2026/02/95d3f4dd65a32e03884ee7ae8f16416a.webp;https://imagens.portalzuk.com.br/mini/2026/02/95d3f4dd65a32e03884ee7ae8f16416a.webp|Avenida Fabio Araujo Santos,  1145|"Avenida Fabio Araujo Santos, 1145 Apartamentos e Flats em leilão - Avenida Fabio Araujo Santos, 1145 - Porto Alegre/RS - Banco Santander Brasil S/A | Z35533"|Venda|"R$
                      184.800,00"|Apartamento||"Apartamentos e Flats em leilão - Avenida Fabio Araujo Santos, 1145 - Porto Alegre/RS - Banco Santander Brasil S/A | Z35533"|
121|https://imagens.portalzuk.com.br/mini/2026/02/af76420a527464d2aa93c2228c2c793a.webp|https://imagens.portalzuk.com.br/mini/2026/02/af76420a527464d2aa93c2228c2c793a.webp;https://imagens.portalzuk.com.br/mini/2026/02/af76420a527464d2aa93c2228c2c793a.webp|Rua Alvaro Domingues,  45|"Rua Alvaro Domingues, 45 Apartamentos e Flats em leilão - Rua Alvaro Domingues, 45 - Porto Alegre/RS - Banco Santander Brasil S/A | Z35533"|Venda|"R$
                      158.400,00"|Apartamento||"Apartamentos e Flats em leilão - Rua Alvaro Domingues, 45 - Porto Alegre/RS - Banco Santander Brasil S/A | Z35533"|
122|https://imagens.portalzuk.com.br/mini/2026/02/0650cae73f8e472b3efd6edfae4edfb1.webp|https://imagens.portalzuk.com.br/mini/2026/02/0650cae73f8e472b3efd6edfae4edfb1.webp;https://imagens.portalzuk.com.br/mini/2026/02/0650cae73f8e472b3efd6edfae4edfb1.webp|Rua Primeiro de Setembro,  340|"Rua Primeiro de Setembro, 340 Apartamentos e Flats em leilão - Rua Primeiro de Setembro, 340 - Porto Alegre/RS - Banco Santander Brasil S/A | Z35533"|Venda|"R$
                      179.400,00"|Apartamento||"Apartamentos e Flats em leilão - Rua Primeiro de Setembro, 340 - Porto Alegre/RS - Banco Santander Brasil S/A | Z35533"|
123|https://imagens.portalzuk.com.br/mini/2026/02/44254f01e37fd3ca9f3ac614c707188e.webp|https://imagens.portalzuk.com.br/mini/2026/02/44254f01e37fd3ca9f3ac614c707188e.webp;https://imagens.portalzuk.com.br/mini/2026/02/44254f01e37fd3ca9f3ac614c707188e.webp|Rua Jatai, 225, Ap 208 Box 05 - Edificio Cambremont, Cristal,  225|"Rua Jatai, 225, Ap 208 Box 05 - Edificio Cambremont, Cristal, 225 Apartamentos e Flats em leilão - Rua Jatai, 225, Ap 208 Box 05 - Edificio Cambremont, Cristal, 225 - Porto Alegre/RS - Banco Santander Brasil S/A | Z35533"|Venda|"R$
                      268.000,00"|Apartamento||"Apartamentos e Flats em leilão - Rua Jatai, 225, Ap 208 Box 05 - Edificio Cambremont, Cristal, 225 - Porto Alegre/RS - Banco Santander Brasil S/A | Z35533"|
124|https://imagens.portalzuk.com.br/mini/2026/02/152418154b68383ed65cda27dbef4d1d.webp|https://imagens.portalzuk.com.br/mini/2026/02/152418154b68383ed65cda27dbef4d1d.webp;https://imagens.portalzuk.com.br/mini/2026/02/152418154b68383ed65cda27dbef4d1d.webp|Avenida Serraria,  2222|"Avenida Serraria, 2222 Casa em leilão - Avenida Serraria, 2222 - Porto Alegre/RS - Banco Santander Brasil S/A | Z35533"|Venda|"R$
                      495.000,00"|Casa||"Casa em leilão - Avenida Serraria, 2222 - Porto Alegre/RS - Banco Santander Brasil S/A | Z35533"|
125|https://imagens.portalzuk.com.br/mini/2026/02/ded41c4b6be6242499d0b190e6f7cd06.webp|https://imagens.portalzuk.com.br/mini/2026/02/ded41c4b6be6242499d0b190e6f7cd06.webp;https://imagens.portalzuk.com.br/mini/2026/02/ded41c4b6be6242499d0b190e6f7cd06.webp|Avenida Toledo Piza,  733|"Avenida Toledo Piza, 733 Casa em leilão - Avenida Toledo Piza, 733 - Porto Alegre/RS - Banco Santander Brasil S/A | Z35533"|Venda|"R$
                      187.600,00"|Casa||"Casa em leilão - Avenida Toledo Piza, 733 - Porto Alegre/RS - Banco Santander Brasil S/A | Z35533"|
126|https://imagens.portalzuk.com.br/mini/2026/02/f96190de202e7d0477f0fdefd8578990.webp|https://imagens.portalzuk.com.br/mini/2026/02/f96190de202e7d0477f0fdefd8578990.webp;https://imagens.portalzuk.com.br/mini/2026/02/f96190de202e7d0477f0fdefd8578990.webp|Rua Olinda,  411|"Rua Olinda, 411 Apartamentos e Flats em leilão - Rua Olinda, 411 - Porto Alegre/RS - Banco Santander Brasil S/A | Z35533"|Venda|"R$
                      672.000,00"|Apartamento||"Apartamentos e Flats em leilão - Rua Olinda, 411 - Porto Alegre/RS - Banco Santander Brasil S/A | Z35533"|
127|https://imagens.portalzuk.com.br/mini/2026/02/aa8d61f953a501b8e5c174835817d175.webp|https://imagens.portalzuk.com.br/mini/2026/02/aa8d61f953a501b8e5c174835817d175.webp;https://imagens.portalzuk.com.br/mini/2026/02/aa8d61f953a501b8e5c174835817d175.webp|Rua Sylvio Mottola,  122|"Rua Sylvio Mottola, 122 Casa em leilão - Rua Sylvio Mottola, 122 - Porto Alegre/RS - Banco Santander Brasil S/A | Z35533"|Venda|"R$
                      305.000,00"|Casa||"Casa em leilão - Rua Sylvio Mottola, 122 - Porto Alegre/RS - Banco Santander Brasil S/A | Z35533"|
128|https://image.leilaoimovel.com.br/images/73/apartamento-caixa-em-porto-alegre-rs-2435173-imovel-2435173-a02f825f19b343b92a6c6f7c204d4b5a253cf287-m.webp|https://image.leilaoimovel.com.br/images/73/apartamento-caixa-em-porto-alegre-rs-2435173-imovel-2435173-a02f825f19b343b92a6c6f7c204d4b5a253cf287-m.webp;https://image.leilaoimovel.com.br/images/73/apartamento-caixa-em-porto-alegre-rs-2435173-imovel-2435173-a02f825f19b343b92a6c6f7c204d4b5a253cf287-m.webp|Apartamento Caixa em Porto Alegre / RS - 2435173|Apartamento Caixa em Porto Alegre / RS - 2435173 RUA AUGUSTO SEVERO,N. 125 APTO. 205 BOX VG, VG, SAO JOAO - CEP: 90240-480, PORTO ALEGRE - RIO GRANDE DO SUL|Venda|363269.15|Apartamento|Financiamento|RUA AUGUSTO SEVERO,N. 125 APTO. 205 BOX VG, VG, SAO JOAO - CEP: 90240-480, PORTO ALEGRE - RIO GRANDE DO SUL|
129|https://image.leilaoimovel.com.br/images/18/apartamento-caixa-em-porto-alegre-rs-1661318-imovel-1661318-0363775ba803f31313e82f5d6e0aaeee07dd8734-m.webp|https://image.leilaoimovel.com.br/images/18/apartamento-caixa-em-porto-alegre-rs-1661318-imovel-1661318-0363775ba803f31313e82f5d6e0aaeee07dd8734-m.webp;https://image.leilaoimovel.com.br/images/18/apartamento-caixa-em-porto-alegre-rs-1661318-imovel-1661318-0363775ba803f31313e82f5d6e0aaeee07dd8734-m.webp|Apartamento Caixa em Porto Alegre / RS - 1661318|Apartamento Caixa em Porto Alegre / RS - 1661318 RUA IRMAO FELIX ROBERTO,N. 100 APTO. 1314 TORRE C, HUMAITA - CEP: 90250-170, PORTO ALEGRE - RIO GRANDE DO SUL|Venda|146360.65|Apartamento|Fgts|RUA IRMAO FELIX ROBERTO,N. 100 APTO. 1314 TORRE C, HUMAITA - CEP: 90250-170, PORTO ALEGRE - RIO GRANDE DO SUL|
130|https://image.leilaoimovel.com.br/images/11/apartamento-caixa-em-porto-alegre-rs-1661311-imovel-1661311-0ba6eebe11fbeb9b920a18068c7eb43cf338e364-m.webp|https://image.leilaoimovel.com.br/images/11/apartamento-caixa-em-porto-alegre-rs-1661311-imovel-1661311-0ba6eebe11fbeb9b920a18068c7eb43cf338e364-m.webp;https://image.leilaoimovel.com.br/images/11/apartamento-caixa-em-porto-alegre-rs-1661311-imovel-1661311-0ba6eebe11fbeb9b920a18068c7eb43cf338e364-m.webp|Apartamento Caixa em Porto Alegre / RS - 1661311|Apartamento Caixa em Porto Alegre / RS - 1661311 RUA IRMAO FELIX ROBERTO,N. 100 APTO. 418 TORRE C BOX 36, HUMAITA - CEP: 90250-170, PORTO ALEGRE - RIO GRANDE DO SUL|Venda|146360.65|Apartamento|Fgts|RUA IRMAO FELIX ROBERTO,N. 100 APTO. 418 TORRE C BOX 36, HUMAITA - CEP: 90250-170, PORTO ALEGRE - RIO GRANDE DO SUL|
131|https://image.leilaoimovel.com.br/images/10/apartamento-caixa-em-porto-alegre-rs-1661310-imovel-1661310-252a1b336f8bbcff91f0a91f7c11d69b647d1a08-m.webp|https://image.leilaoimovel.com.br/images/10/apartamento-caixa-em-porto-alegre-rs-1661310-imovel-1661310-252a1b336f8bbcff91f0a91f7c11d69b647d1a08-m.webp;https://image.leilaoimovel.com.br/images/10/apartamento-caixa-em-porto-alegre-rs-1661310-imovel-1661310-252a1b336f8bbcff91f0a91f7c11d69b647d1a08-m.webp|Apartamento Caixa em Porto Alegre / RS - 1661310|Apartamento Caixa em Porto Alegre / RS - 1661310 RUA IRMAO FELIX ROBERTO,N. 100 APTO. 318 TORRE C BOX 30, HUMAITA - CEP: 90250-170, PORTO ALEGRE - RIO GRANDE DO SUL|Venda|146360.65|Apartamento|Fgts|RUA IRMAO FELIX ROBERTO,N. 100 APTO. 318 TORRE C BOX 30, HUMAITA - CEP: 90250-170, PORTO ALEGRE - RIO GRANDE DO SUL|
132|https://image.leilaoimovel.com.br/images/97/apartamento-caixa-em-porto-alegre-rs-1637997-imovel-1637997-2ce452c997d8db47431536da17369160d7124b65-m.webp|https://image.leilaoimovel.com.br/images/97/apartamento-caixa-em-porto-alegre-rs-1637997-imovel-1637997-2ce452c997d8db47431536da17369160d7124b65-m.webp;https://image.leilaoimovel.com.br/images/97/apartamento-caixa-em-porto-alegre-rs-1637997-imovel-1637997-2ce452c997d8db47431536da17369160d7124b65-m.webp|Apartamento Caixa em Porto Alegre / RS - 1637997|Apartamento Caixa em Porto Alegre / RS - 1637997 RUA IRMAO FELIX ROBERTO,N. 100 APTO. 816 TORRE C BOX 113, HUMAITA - CEP: 90250-170, PORTO ALEGRE - RIO GRANDE DO SUL|Venda|113309.16|Apartamento|Fgts|RUA IRMAO FELIX ROBERTO,N. 100 APTO. 816 TORRE C BOX 113, HUMAITA - CEP: 90250-170, PORTO ALEGRE - RIO GRANDE DO SUL|
133|https://image.leilaoimovel.com.br/images/96/apartamento-caixa-em-porto-alegre-rs-1637996-imovel-1637996-164654dfc90a1bbe5e79615d1c6f32c4829e5693-m.webp|https://image.leilaoimovel.com.br/images/96/apartamento-caixa-em-porto-alegre-rs-1637996-imovel-1637996-164654dfc90a1bbe5e79615d1c6f32c4829e5693-m.webp;https://image.leilaoimovel.com.br/images/96/apartamento-caixa-em-porto-alegre-rs-1637996-imovel-1637996-164654dfc90a1bbe5e79615d1c6f32c4829e5693-m.webp|Apartamento Caixa em Porto Alegre / RS - 1637996|Apartamento Caixa em Porto Alegre / RS - 1637996 RUA IRMAO FELIX ROBERTO,N. 100 APTO. 1015 TORRE C BOX 102, HUMAITA - CEP: 90250-170, PORTO ALEGRE - RIO GRANDE DO SUL|Venda|113309.16|Apartamento|Fgts|RUA IRMAO FELIX ROBERTO,N. 100 APTO. 1015 TORRE C BOX 102, HUMAITA - CEP: 90250-170, PORTO ALEGRE - RIO GRANDE DO SUL|
134|https://image.leilaoimovel.com.br/images/30/apartamento-caixa-em-porto-alegre-rs-2456830-imovel-2456830-72f403f026ff09c5ffc47cf150deef57a2f1b302-m.webp|https://image.leilaoimovel.com.br/images/30/apartamento-caixa-em-porto-alegre-rs-2456830-imovel-2456830-72f403f026ff09c5ffc47cf150deef57a2f1b302-m.webp;https://image.leilaoimovel.com.br/images/30/apartamento-caixa-em-porto-alegre-rs-2456830-imovel-2456830-72f403f026ff09c5ffc47cf150deef57a2f1b302-m.webp|Apartamento Caixa em Porto Alegre / RS - 2456830|Apartamento Caixa em Porto Alegre / RS - 2456830 RUA CARMELITA GRIPPI,N. 25 APTO. 302 BL 05 QD 03-C, RUBEM BERTA - CEP: 91170-070, PORTO ALEGRE - RIO GRANDE DO SUL|Venda|88518.56|Apartamento|Venda online|RUA CARMELITA GRIPPI,N. 25 APTO. 302 BL 05 QD 03-C, RUBEM BERTA - CEP: 91170-070, PORTO ALEGRE - RIO GRANDE DO SUL|
135|https://image.leilaoimovel.com.br/images/89/apartamento-caixa-em-porto-alegre-rs-2618989-imovel-2618989-1b3c3064d412c14525af504c0501c6569e3b624d-m.webp|https://image.leilaoimovel.com.br/images/89/apartamento-caixa-em-porto-alegre-rs-2618989-imovel-2618989-1b3c3064d412c14525af504c0501c6569e3b624d-m.webp;https://image.leilaoimovel.com.br/images/89/apartamento-caixa-em-porto-alegre-rs-2618989-imovel-2618989-1b3c3064d412c14525af504c0501c6569e3b624d-m.webp|Apartamento Caixa em Porto Alegre / RS - 2618989|Apartamento Caixa em Porto Alegre / RS - 2618989 RUA ALVARO CHAVES,N. 560 APTO. 109, FLORESTA - CEP: 90220-040, PORTO ALEGRE - RIO GRANDE DO SUL|Venda|51840.42|Apartamento|Compra direta|RUA ALVARO CHAVES,N. 560 APTO. 109, FLORESTA - CEP: 90220-040, PORTO ALEGRE - RIO GRANDE DO SUL|
136|https://image.leilaoimovel.com.br/images/15/apartamento-caixa-em-porto-alegre-rs-2575515-imovel-2575515-7b2230b021aa52eb92631bcdf41b90b32958783a-m.webp|https://image.leilaoimovel.com.br/images/15/apartamento-caixa-em-porto-alegre-rs-2575515-imovel-2575515-7b2230b021aa52eb92631bcdf41b90b32958783a-m.webp;https://image.leilaoimovel.com.br/images/15/apartamento-caixa-em-porto-alegre-rs-2575515-imovel-2575515-7b2230b021aa52eb92631bcdf41b90b32958783a-m.webp|Apartamento Caixa em Porto Alegre / RS - 2575515|Apartamento Caixa em Porto Alegre / RS - 2575515 RUA DOUTOR BARCELOS,N. 2434 APTO. 103 TR A PAV 01, VG 93, TRISTEZA - CEP: 91910-251, PORTO ALEGRE - RIO GRANDE DO SUL|Venda|213500.29|Apartamento|Compra direta|RUA DOUTOR BARCELOS,N. 2434 APTO. 103 TR A PAV 01, VG 93, TRISTEZA - CEP: 91910-251, PORTO ALEGRE - RIO GRANDE DO SUL|
137|https://image.leilaoimovel.com.br/images/78/apartamento-caixa-em-porto-alegre-rs-2556178-imovel-2556178-c71b5fcdead4dcbdefbe917b5e2a67d21adcb081-m.webp|https://image.leilaoimovel.com.br/images/78/apartamento-caixa-em-porto-alegre-rs-2556178-imovel-2556178-c71b5fcdead4dcbdefbe917b5e2a67d21adcb081-m.webp;https://image.leilaoimovel.com.br/images/78/apartamento-caixa-em-porto-alegre-rs-2556178-imovel-2556178-c71b5fcdead4dcbdefbe917b5e2a67d21adcb081-m.webp|Apartamento Caixa em Porto Alegre / RS - 2556178|Apartamento Caixa em Porto Alegre / RS - 2556178 RUA WALTON PONTES CARPES,N. 39 APTO. 408 BL E, VILA NOVA - CEP: 91740-864, PORTO ALEGRE - RIO GRANDE DO SUL|Venda|231982.41|Apartamento|Compra direta|RUA WALTON PONTES CARPES,N. 39 APTO. 408 BL E, VILA NOVA - CEP: 91740-864, PORTO ALEGRE - RIO GRANDE DO SUL|
138|https://image.leilaoimovel.com.br/images/28/casa-caixa-em-porto-alegre-rs-2480928-imovel-2480928-f4471b3e0a06a4eced7f3de9377933af5f8dd73f-m.webp|https://image.leilaoimovel.com.br/images/28/casa-caixa-em-porto-alegre-rs-2480928-imovel-2480928-f4471b3e0a06a4eced7f3de9377933af5f8dd73f-m.webp;https://image.leilaoimovel.com.br/images/28/casa-caixa-em-porto-alegre-rs-2480928-imovel-2480928-f4471b3e0a06a4eced7f3de9377933af5f8dd73f-m.webp|Casa Caixa em Porto Alegre / RS - 2480928|Casa Caixa em Porto Alegre / RS - 2480928 RUA ATTILIO BETTIO,N. 300 CS 111, ABERTA DOS MORROS - CEP: 91755-124, PORTO ALEGRE - RIO GRANDE DO SUL|Venda|568484.36|Casa|Compra direta|RUA ATTILIO BETTIO,N. 300 CS 111, ABERTA DOS MORROS - CEP: 91755-124, PORTO ALEGRE - RIO GRANDE DO SUL|
139|https://image.leilaoimovel.com.br/images/16/casa-caixa-em-porto-alegre-rs-2480916-imovel-2480916-91d1355fe7d09eeec9218a8951bca617ccce30ab-m.webp|https://image.leilaoimovel.com.br/images/16/casa-caixa-em-porto-alegre-rs-2480916-imovel-2480916-91d1355fe7d09eeec9218a8951bca617ccce30ab-m.webp;https://image.leilaoimovel.com.br/images/16/casa-caixa-em-porto-alegre-rs-2480916-imovel-2480916-91d1355fe7d09eeec9218a8951bca617ccce30ab-m.webp|Casa Caixa em Porto Alegre / RS - 2480916|Casa Caixa em Porto Alegre / RS - 2480916 AVENIDA EDGAR PIRES DE CASTRO,N. 2520 CS 34, HIPICA - CEP: 91786-299, PORTO ALEGRE - RIO GRANDE DO SUL|Venda|258112.29|Casa|Compra direta|AVENIDA EDGAR PIRES DE CASTRO,N. 2520 CS 34, HIPICA - CEP: 91786-299, PORTO ALEGRE - RIO GRANDE DO SUL|
140|https://image.leilaoimovel.com.br/images/41/casa-caixa-em-porto-alegre-rs-2419641-imovel-2419641-2a97c859fd782664a22784bf1555a2597e74f14b-m.webp|https://image.leilaoimovel.com.br/images/41/casa-caixa-em-porto-alegre-rs-2419641-imovel-2419641-2a97c859fd782664a22784bf1555a2597e74f14b-m.webp;https://image.leilaoimovel.com.br/images/41/casa-caixa-em-porto-alegre-rs-2419641-imovel-2419641-2a97c859fd782664a22784bf1555a2597e74f14b-m.webp|Casa Caixa em Porto Alegre / RS - 2419641|Casa Caixa em Porto Alegre / RS - 2419641 RUA BALDOINO BOTTINI,N. 549 QD A, HIPICA - CEP: 91787-775, PORTO ALEGRE - RIO GRANDE DO SUL|Venda|567209.73|Casa|Financiamento|RUA BALDOINO BOTTINI,N. 549 QD A, HIPICA - CEP: 91787-775, PORTO ALEGRE - RIO GRANDE DO SUL|
141|https://image.leilaoimovel.com.br/images/38/apartamento-caixa-em-porto-alegre-rs-2401438-imovel-2401438-b7276b45e0b8eb487c258aa9e6e2108e54a8e15b-m.webp|https://image.leilaoimovel.com.br/images/38/apartamento-caixa-em-porto-alegre-rs-2401438-imovel-2401438-b7276b45e0b8eb487c258aa9e6e2108e54a8e15b-m.webp;https://image.leilaoimovel.com.br/images/38/apartamento-caixa-em-porto-alegre-rs-2401438-imovel-2401438-b7276b45e0b8eb487c258aa9e6e2108e54a8e15b-m.webp|Apartamento Caixa em Porto Alegre / RS - 2401438|Apartamento Caixa em Porto Alegre / RS - 2401438 RUA MARINA SIRANGELO CASTELLO,N. 54 APTO. 425, VG MAT 117176, JARDIM ITU - CEP: 91215-089, PORTO ALEGRE - RIO GRANDE DO SUL|Venda|203940.58|Apartamento|Fgts|RUA MARINA SIRANGELO CASTELLO,N. 54 APTO. 425, VG MAT 117176, JARDIM ITU - CEP: 91215-089, PORTO ALEGRE - RIO GRANDE DO SUL|
142|https://image.leilaoimovel.com.br/images/39/casa-caixa-em-porto-alegre-rs-2394939-imovel-2394939-5dbb2ebb1e297d6ea7f2633bfa4a80fb62a7ff21-m.webp|https://image.leilaoimovel.com.br/images/39/casa-caixa-em-porto-alegre-rs-2394939-imovel-2394939-5dbb2ebb1e297d6ea7f2633bfa4a80fb62a7ff21-m.webp;https://image.leilaoimovel.com.br/images/39/casa-caixa-em-porto-alegre-rs-2394939-imovel-2394939-5dbb2ebb1e297d6ea7f2633bfa4a80fb62a7ff21-m.webp|Casa Caixa em Porto Alegre / RS - 2394939|Casa Caixa em Porto Alegre / RS - 2394939 AVENIDA NOSSA SENHORA DE GUADALUPE,N. 600 CASA 17, HIPICA - CEP: 91755-700, PORTO ALEGRE - RIO GRANDE DO SUL|Venda|254925.72|Casa|Financiamento|AVENIDA NOSSA SENHORA DE GUADALUPE,N. 600 CASA 17, HIPICA - CEP: 91755-700, PORTO ALEGRE - RIO GRANDE DO SUL|
143|https://image.leilaoimovel.com.br/images/08/apartamento-caixa-em-porto-alegre-rs-2380308-imovel-2380308-0bcdf945fe86753ee7bae954e091ff0d145d2265-m.webp|https://image.leilaoimovel.com.br/images/08/apartamento-caixa-em-porto-alegre-rs-2380308-imovel-2380308-0bcdf945fe86753ee7bae954e091ff0d145d2265-m.webp;https://image.leilaoimovel.com.br/images/08/apartamento-caixa-em-porto-alegre-rs-2380308-imovel-2380308-0bcdf945fe86753ee7bae954e091ff0d145d2265-m.webp|Apartamento Caixa em Porto Alegre / RS - 2380308|Apartamento Caixa em Porto Alegre / RS - 2380308 RUA GENERAL AUTO,N. 266 APTO. 202, CENTRO HISTORICO - CEP: 90010-380, PORTO ALEGRE - RIO GRANDE DO SUL|Venda|293801.89|Apartamento|Financiamento|RUA GENERAL AUTO,N. 266 APTO. 202, CENTRO HISTORICO - CEP: 90010-380, PORTO ALEGRE - RIO GRANDE DO SUL|
144|https://image.leilaoimovel.com.br/images/27/casa-caixa-em-porto-alegre-rs-2359027-imovel-2359027-89f14660122d98be2d703207c0af0061d159838f-m.webp|https://image.leilaoimovel.com.br/images/27/casa-caixa-em-porto-alegre-rs-2359027-imovel-2359027-89f14660122d98be2d703207c0af0061d159838f-m.webp;https://image.leilaoimovel.com.br/images/27/casa-caixa-em-porto-alegre-rs-2359027-imovel-2359027-89f14660122d98be2d703207c0af0061d159838f-m.webp|Casa Caixa em Porto Alegre / RS - 2359027|Casa Caixa em Porto Alegre / RS - 2359027 AVENIDA JUCA BATISTA,N. 8000 UN 346 SETOR 4, CHAPEU DO SOL - CEP: 91781-200, PORTO ALEGRE - RIO GRANDE DO SUL|Venda|1678048.55|Casa|Compra direta|AVENIDA JUCA BATISTA,N. 8000 UN 346 SETOR 4, CHAPEU DO SOL - CEP: 91781-200, PORTO ALEGRE - RIO GRANDE DO SUL|
145|https://image.leilaoimovel.com.br/images/80/casa-caixa-em-porto-alegre-rs-2336680-imovel-2336680-8111257bed613989a8748c49c2d0d8d8428c163b-m.webp|https://image.leilaoimovel.com.br/images/80/casa-caixa-em-porto-alegre-rs-2336680-imovel-2336680-8111257bed613989a8748c49c2d0d8d8428c163b-m.webp;https://image.leilaoimovel.com.br/images/80/casa-caixa-em-porto-alegre-rs-2336680-imovel-2336680-8111257bed613989a8748c49c2d0d8d8428c163b-m.webp|Casa Caixa em Porto Alegre / RS - 2336680|Casa Caixa em Porto Alegre / RS - 2336680 AVENIDA CELESTINO BERTOLUCCI,N. 510 QD 12, LT 02, ABERTA DOS MORROS - CEP: 91755-020, PORTO ALEGRE - RIO GRANDE DO SUL|Venda|203813.11|Casa|Compra direta|AVENIDA CELESTINO BERTOLUCCI,N. 510 QD 12, LT 02, ABERTA DOS MORROS - CEP: 91755-020, PORTO ALEGRE - RIO GRANDE DO SUL|
146|https://image.leilaoimovel.com.br/images/97/terreno-caixa-em-porto-alegre-rs-2220797-imovel-2220797-a9a0173f0691a4587f60a25ab17cc7c0537841ce-m.webp|https://image.leilaoimovel.com.br/images/97/terreno-caixa-em-porto-alegre-rs-2220797-imovel-2220797-a9a0173f0691a4587f60a25ab17cc7c0537841ce-m.webp;https://image.leilaoimovel.com.br/images/97/terreno-caixa-em-porto-alegre-rs-2220797-imovel-2220797-a9a0173f0691a4587f60a25ab17cc7c0537841ce-m.webp|Terreno Caixa em Porto Alegre / RS - 2220797|Terreno Caixa em Porto Alegre / RS - 2220797 AVENIDA PERNAMBUCO,N. 350, NAVEGANTES - CEP: 90240-003, PORTO ALEGRE - RIO GRANDE DO SUL|Venda|437005.91|Desconhecido|Compra direta|AVENIDA PERNAMBUCO,N. 350, NAVEGANTES - CEP: 90240-003, PORTO ALEGRE - RIO GRANDE DO SUL|
147|https://image.leilaoimovel.com.br/images/property/imovel-sem-foto.webp|https://image.leilaoimovel.com.br/images/property/imovel-sem-foto.webp;https://image.leilaoimovel.com.br/images/property/imovel-sem-foto.webp|Casa em Leilão em Olimpia / SP - 356482|Casa em Leilão em Olimpia / SP - 356482 Rua General Osorio, 1069|Venda|262500.0|Casa||Rua General Osorio, 1069|
