id|cover|images|name|location|category|price|type|leilao|description|discountPercent|avaliationPrice|original_url|modalidade de venda|UF|city|neighborhood|area
1000|https://imagens.portalzuk.com.br/mini/2026/01/017a16b8415e5bbf6eeb086617d4e24f.webp|https://imagens.portalzuk.com.br/mini/2026/01/017a16b8415e5bbf6eeb086617d4e24f.webp;https://imagens.portalzuk.com.br/mini/2026/01/017a16b8415e5bbf6eeb086617d4e24f.webp|Porto Alegre / RS - Camaquã Rua Professor Doutor João Pitta Pinheiro Filho,  302|"Porto Alegre / RS - Camaquã Rua Professor Doutor João Pitta Pinheiro Filho,  302 Casa Porto Alegre / RS - Camaquã Rua Professor Doutor João Pitta Pinheiro Filho,  302 207,00m² construída Lance inicial R$
                      385.000,00 42 03/03/2026 às 10:13"|Venda|"R$
                      385.000,0042"|Casa|Zukerman|"Casa Porto Alegre / RS - Camaquã Rua Professor Doutor João Pitta Pinheiro Filho,  302 207,00m² construída Lance inicial R$
                      385.000,00 42 03/03/2026 às 10:13"|||https://www.portalzuk.com.br/imovel/rs/porto-alegre/camaqua/rua-professor-doutor-joao-pitta-pinheiro-filho-302/35318-217721|Zukerman||||207,00 m²
1001|https://imagens.portalzuk.com.br/mini/2026/02/f01aeaaa67831e965cd18fcbc57b0e60.webp|https://imagens.portalzuk.com.br/mini/2026/02/f01aeaaa67831e965cd18fcbc57b0e60.webp;https://imagens.portalzuk.com.br/mini/2026/02/f01aeaaa67831e965cd18fcbc57b0e60.webp|Porto Alegre / RS - Campo Novo Rua Hortencio Rodrigues Barbosa,  54|"Porto Alegre / RS - Campo Novo Rua Hortencio Rodrigues Barbosa,  54 Casa Porto Alegre / RS - Campo Novo Rua Hortencio Rodrigues Barbosa,  54 354,00m² construída Lance inicial R$
                      540.000,00 28 03/03/2026 às 11:00"|Venda|"R$
                      540.000,0028"|Casa|Zukerman|"Casa Porto Alegre / RS - Campo Novo Rua Hortencio Rodrigues Barbosa,  54 354,00m² construída Lance inicial R$
                      540.000,00 28 03/03/2026 às 11:00"|||https://www.portalzuk.com.br/imovel/rs/porto-alegre/campo-novo/rua-hortencio-rodrigues-barbosa-54/35447-218577|Zukerman||||354,00 m²
1002|https://imagens.portalzuk.com.br/mini/2026/02/e34c2538c45c1de3759594360c70f104.webp|https://imagens.portalzuk.com.br/mini/2026/02/e34c2538c45c1de3759594360c70f104.webp;https://imagens.portalzuk.com.br/mini/2026/02/e34c2538c45c1de3759594360c70f104.webp|Porto Alegre / RS - Nonoai Avenida Fabio Araujo Santos,  1458|"Porto Alegre / RS - Nonoai Avenida Fabio Araujo Santos,  1458 Apartamento Porto Alegre / RS - Nonoai Avenida Fabio Araujo Santos,  1458 60,00m² útil Lance inicial R$
                      220.000,00 20 03/03/2026 às 13:46"|Venda|"R$
                      220.000,0020"|Apartamento|Zukerman|"Apartamento Porto Alegre / RS - Nonoai Avenida Fabio Araujo Santos,  1458 60,00m² útil Lance inicial R$
                      220.000,00 20 03/03/2026 às 13:46"|||https://www.portalzuk.com.br/imovel/rs/porto-alegre/nonoai/avenida-fabio-araujo-santos-1458/35447-218909|Zukerman||||60,00 m²
1003|https://imagens.portalzuk.com.br/mini/2026/02/72f7970076057476470ba12b193ed7b5.webp|https://imagens.portalzuk.com.br/mini/2026/02/72f7970076057476470ba12b193ed7b5.webp;https://imagens.portalzuk.com.br/mini/2026/02/72f7970076057476470ba12b193ed7b5.webp|Porto Alegre / RS - Hípica Rua Eroni Soares Machado,  300|"Porto Alegre / RS - Hípica Rua Eroni Soares Machado,  300 Casa Porto Alegre / RS - Hípica Rua Eroni Soares Machado,  300 184,00m² construída Lance inicial R$
                      630.800,00 24 03/03/2026 às 13:47"|Venda|"R$
                      630.800,0024"|Casa|Zukerman|"Casa Porto Alegre / RS - Hípica Rua Eroni Soares Machado,  300 184,00m² construída Lance inicial R$
                      630.800,00 24 03/03/2026 às 13:47"|||https://www.portalzuk.com.br/imovel/rs/porto-alegre/hipica/rua-eroni-soares-machado-300/35447-218912|Zukerman||||184,00 m²
1004|https://imagens.portalzuk.com.br/mini/2026/02/4792f5dd6df0c379220420f8f22fc688.webp|https://imagens.portalzuk.com.br/mini/2026/02/4792f5dd6df0c379220420f8f22fc688.webp;https://imagens.portalzuk.com.br/mini/2026/02/4792f5dd6df0c379220420f8f22fc688.webp|Porto Alegre / RS - Hípica Rua Corticeira,  551|"Porto Alegre / RS - Hípica Rua Corticeira,  551 Casa Porto Alegre / RS - Hípica Rua Corticeira,  551 166,00m² construída Lance inicial R$
                      547.200,00 24 03/03/2026 às 13:48"|Venda|"R$
                      547.200,0024"|Casa|Zukerman|"Casa Porto Alegre / RS - Hípica Rua Corticeira,  551 166,00m² construída Lance inicial R$
                      547.200,00 24 03/03/2026 às 13:48"|||https://www.portalzuk.com.br/imovel/rs/porto-alegre/hipica/rua-corticeira-551/35447-218913|Zukerman||||166,00 m²
1005|https://imagens.portalzuk.com.br/mini/2026/02/cdb5bf787e98d8a541f53059d39da34c.webp|https://imagens.portalzuk.com.br/mini/2026/02/cdb5bf787e98d8a541f53059d39da34c.webp;https://imagens.portalzuk.com.br/mini/2026/02/cdb5bf787e98d8a541f53059d39da34c.webp|Porto Alegre / RS - Jardim Leopoldina Rua Carlos Estevão,  460|"Porto Alegre / RS - Jardim Leopoldina Rua Carlos Estevão,  460 Apartamento Porto Alegre / RS - Jardim Leopoldina Rua Carlos Estevão,  460 33,00m² útil Lance inicial R$
                      80.660,00 12 03/03/2026 às 14:18"|Venda|"R$
                      80.660,0012"|Apartamento|Zukerman|"Apartamento Porto Alegre / RS - Jardim Leopoldina Rua Carlos Estevão,  460 33,00m² útil Lance inicial R$
                      80.660,00 12 03/03/2026 às 14:18"|||https://www.portalzuk.com.br/imovel/rs/porto-alegre/jardim-leopoldina/rua-carlos-estevao-460/35447-218973|Zukerman||||33,00 m²
1006|https://imagens.portalzuk.com.br/mini/2026/02/ce6654f9a5bad28859717a1fdf735cab.webp|https://imagens.portalzuk.com.br/mini/2026/02/ce6654f9a5bad28859717a1fdf735cab.webp;https://imagens.portalzuk.com.br/mini/2026/02/ce6654f9a5bad28859717a1fdf735cab.webp|Porto Alegre / RS - Menino Deus Rua Dona Augusta,  486|"Porto Alegre / RS - Menino Deus Rua Dona Augusta,  486 Desocupado Apartamento Porto Alegre / RS - Menino Deus Rua Dona Augusta,  486 Lance inicial R$
                      191.000,00 03/03/2026 às 14:27"|Venda|"R$
                      191.000,00"|Apartamento|Zukerman|"Desocupado Apartamento Porto Alegre / RS - Menino Deus Rua Dona Augusta,  486 Lance inicial R$
                      191.000,00 03/03/2026 às 14:27"|||https://www.portalzuk.com.br/imovel/rs/porto-alegre/menino-deus/rua-dona-augusta-486/35447-218992|Zukerman||||
1007|https://imagens.portalzuk.com.br/mini/2026/02/60026b985bab35c03375c1c6fb9a3e35.webp|https://imagens.portalzuk.com.br/mini/2026/02/60026b985bab35c03375c1c6fb9a3e35.webp;https://imagens.portalzuk.com.br/mini/2026/02/60026b985bab35c03375c1c6fb9a3e35.webp|Porto Alegre / RS - Menino Deus Rua Marcílio Dias,  358|"Porto Alegre / RS - Menino Deus Rua Marcílio Dias,  358 Apartamento Porto Alegre / RS - Menino Deus Rua Marcílio Dias,  358 39,00m² útil Lance inicial R$
                      156.000,00 20 03/03/2026 às 14:31"|Venda|"R$
                      156.000,0020"|Apartamento|Zukerman|"Apartamento Porto Alegre / RS - Menino Deus Rua Marcílio Dias,  358 39,00m² útil Lance inicial R$
                      156.000,00 20 03/03/2026 às 14:31"|||https://www.portalzuk.com.br/imovel/rs/porto-alegre/menino-deus/rua-marcilio-dias-358/35447-218999|Zukerman||||39,00 m²
1008|https://imagens.portalzuk.com.br/mini/2026/02/03506027778c7bc552d31c78d6346332.webp|https://imagens.portalzuk.com.br/mini/2026/02/03506027778c7bc552d31c78d6346332.webp;https://imagens.portalzuk.com.br/mini/2026/02/03506027778c7bc552d31c78d6346332.webp|Porto Alegre / RS - Teresópolis Rua Otávio Faria,  53|"Porto Alegre / RS - Teresópolis Rua Otávio Faria,  53 Casa Porto Alegre / RS - Teresópolis Rua Otávio Faria,  53 163,00m² construída Lance inicial R$
                      487.160,00 24 03/03/2026 às 14:32"|Venda|"R$
                      487.160,0024"|Casa|Zukerman|"Casa Porto Alegre / RS - Teresópolis Rua Otávio Faria,  53 163,00m² construída Lance inicial R$
                      487.160,00 24 03/03/2026 às 14:32"|||https://www.portalzuk.com.br/imovel/rs/porto-alegre/teresopolis/rua-otavio-faria-53/35447-219001|Zukerman||||163,00 m²
1009|https://imagens.portalzuk.com.br/mini/2026/02/e7fc68c14a3f07b9baf7b7220c9a042a.webp|https://imagens.portalzuk.com.br/mini/2026/02/e7fc68c14a3f07b9baf7b7220c9a042a.webp;https://imagens.portalzuk.com.br/mini/2026/02/e7fc68c14a3f07b9baf7b7220c9a042a.webp|Porto Alegre / RS - Tres Figueiras Rua Carlos Huber,  442|"Porto Alegre / RS - Tres Figueiras Rua Carlos Huber,  442 Desocupado Apartamento Porto Alegre / RS - Tres Figueiras Rua Carlos Huber,  442 314,00m² útil Lance inicial R$
                      780.000,00 26 03/03/2026 às 14:41"|Venda|"R$
                      780.000,0026"|Apartamento|Zukerman|"Desocupado Apartamento Porto Alegre / RS - Tres Figueiras Rua Carlos Huber,  442 314,00m² útil Lance inicial R$
                      780.000,00 26 03/03/2026 às 14:41"|||https://www.portalzuk.com.br/imovel/rs/porto-alegre/tres-figueiras/rua-carlos-huber-442/35447-220414|Zukerman||||314,00 m²
1010|https://imagens.portalzuk.com.br/mini/2026/02/bf68656ed7735a7922f5b9d6e9f09d23.webp|https://imagens.portalzuk.com.br/mini/2026/02/bf68656ed7735a7922f5b9d6e9f09d23.webp;https://imagens.portalzuk.com.br/mini/2026/02/bf68656ed7735a7922f5b9d6e9f09d23.webp|Porto Alegre / RS - Partenon Rua Saldanha da Gama,  853|"Porto Alegre / RS - Partenon Rua Saldanha da Gama,  853 Apartamento Porto Alegre / RS - Partenon Rua Saldanha da Gama,  853 60,00m² útil Valor R$
                      196.000,00 12/03/2026 às 11:12"|Venda|"R$
                      196.000,00"|Apartamento|Zukerman|"Apartamento Porto Alegre / RS - Partenon Rua Saldanha da Gama,  853 60,00m² útil Valor R$
                      196.000,00 12/03/2026 às 11:12"|||https://www.portalzuk.com.br/imovel/rs/porto-alegre/partenon/rua-saldanha-da-gama-853/35444-218450|Zukerman||||60,00 m²
1011|https://imagens.portalzuk.com.br/mini/2026/02/4fdc7e5fa4cb610a8adf1281487c6f94.webp|https://imagens.portalzuk.com.br/mini/2026/02/4fdc7e5fa4cb610a8adf1281487c6f94.webp;https://imagens.portalzuk.com.br/mini/2026/02/4fdc7e5fa4cb610a8adf1281487c6f94.webp|Porto Alegre / RS - Vila Bom Jesus Rua São Marcos,  335|"Porto Alegre / RS - Vila Bom Jesus Rua São Marcos,  335 Desocupado Casa Porto Alegre / RS - Vila Bom Jesus Rua São Marcos,  335 4 Valor R$
                      639.000,00 12/03/2026 às 11:14"|Venda|"R$
                      639.000,00"|Casa|Zukerman|"Desocupado Casa Porto Alegre / RS - Vila Bom Jesus Rua São Marcos,  335 4 Valor R$
                      639.000,00 12/03/2026 às 11:14"|||https://www.portalzuk.com.br/imovel/rs/porto-alegre/vila-bom-jesus/rua-sao-marcos-335/35444-218451|Zukerman||||
1012|https://imagens.portalzuk.com.br/mini/2025/04/f3b88bc73662972e3942938265ddec4a.webp|https://imagens.portalzuk.com.br/mini/2025/04/f3b88bc73662972e3942938265ddec4a.webp;https://imagens.portalzuk.com.br/mini/2025/04/f3b88bc73662972e3942938265ddec4a.webp|Porto Alegre / RS - Centro Avenida Pinto Bandeira,  471/475|Porto Alegre / RS - Centro Avenida Pinto Bandeira,  471/475 Venda Direta Comercial / Industrial Porto Alegre / RS - Centro Avenida Pinto Bandeira,  471/475 1.284,00m² construída Aberto para proposta|Venda|R$ Aberto para proposta|Desconhecido|Zukerman|Venda Direta Comercial / Industrial Porto Alegre / RS - Centro Avenida Pinto Bandeira,  471/475 1.284,00m² construída Aberto para proposta|||https://www.portalzuk.com.br/imovel/rs/porto-alegre/centro/avenida-pinto-bandeira-471-475/32877-200934|Zukerman||||284,00 m²
1013|https://imagens.portalzuk.com.br/mini/2026/01/e5e187120190e1d0c0fb5747fec459dd.webp|https://imagens.portalzuk.com.br/mini/2026/01/e5e187120190e1d0c0fb5747fec459dd.webp;https://imagens.portalzuk.com.br/mini/2026/01/e5e187120190e1d0c0fb5747fec459dd.webp|Porto Alegre / RS - Praia de Belas Avenida Praia de Belas,  2050|"Porto Alegre / RS - Praia de Belas Avenida Praia de Belas,  2050 Aberto para Proposta Apartamento Porto Alegre / RS - Praia de Belas Avenida Praia de Belas,  2050 45,88m² útil Valor R$
          453.381,50"|Venda|"R$
          453.381,50"|Apartamento|Zukerman|"Aberto para Proposta Apartamento Porto Alegre / RS - Praia de Belas Avenida Praia de Belas,  2050 45,88m² útil Valor R$
          453.381,50"|||https://www.portalzuk.com.br/imovel/rs/porto-alegre/praia-de-belas/avenida-praia-de-belas-2050/35476-220182|Zukerman||||45,88 m²
1014|https://imagens.portalzuk.com.br/mini/2026/01/a4fa0aa21b3d46451245006501abe883.webp|https://imagens.portalzuk.com.br/mini/2026/01/a4fa0aa21b3d46451245006501abe883.webp;https://imagens.portalzuk.com.br/mini/2026/01/a4fa0aa21b3d46451245006501abe883.webp|Porto Alegre / RS - Restinga Rua Napoleão Jacques da Rosa,  133|"Porto Alegre / RS - Restinga Rua Napoleão Jacques da Rosa,  133 Aberto para Proposta Apartamento Porto Alegre / RS - Restinga Rua Napoleão Jacques da Rosa,  133 47,30m² útil Valor R$
          98.956,00"|Venda|"R$
          98.956,00"|Apartamento|Zukerman|"Aberto para Proposta Apartamento Porto Alegre / RS - Restinga Rua Napoleão Jacques da Rosa,  133 47,30m² útil Valor R$
          98.956,00"|||https://www.portalzuk.com.br/imovel/rs/porto-alegre/restinga/rua-napoleao-jacques-da-rosa-133/35476-220196|Zukerman||||47,30 m²
1015|https://imagens.portalzuk.com.br/mini/2026/01/497b6a9aed353554d3b0c972de3e5fa6.webp|https://imagens.portalzuk.com.br/mini/2026/01/497b6a9aed353554d3b0c972de3e5fa6.webp;https://imagens.portalzuk.com.br/mini/2026/01/497b6a9aed353554d3b0c972de3e5fa6.webp|Porto Alegre / RS - Sarandi Rua Gabriel Franco da Luz,  242|"Porto Alegre / RS - Sarandi Rua Gabriel Franco da Luz,  242 Aberto para Proposta Apartamento Porto Alegre / RS - Sarandi Rua Gabriel Franco da Luz,  242 47,36m² útil Valor R$
          101.959,00"|Venda|"R$
          101.959,00"|Apartamento|Zukerman|"Aberto para Proposta Apartamento Porto Alegre / RS - Sarandi Rua Gabriel Franco da Luz,  242 47,36m² útil Valor R$
          101.959,00"|||https://www.portalzuk.com.br/imovel/rs/porto-alegre/sarandi/rua-gabriel-franco-da-luz-242/35476-220197|Zukerman||||47,36 m²
1016|https://imagens.portalzuk.com.br/mini/2026/01/79f59a28f01f5d4be657e843c3f4599c.webp|https://imagens.portalzuk.com.br/mini/2026/01/79f59a28f01f5d4be657e843c3f4599c.webp;https://imagens.portalzuk.com.br/mini/2026/01/79f59a28f01f5d4be657e843c3f4599c.webp|Porto Alegre / RS - Centro Histórico Rua dos Andradas,  1814|"Porto Alegre / RS - Centro Histórico Rua dos Andradas,  1814 Aberto para Proposta Apartamento Porto Alegre / RS - Centro Histórico Rua dos Andradas,  1814 78,06m² útil Valor R$
          177.127,50"|Venda|"R$
          177.127,50"|Apartamento|Zukerman|"Aberto para Proposta Apartamento Porto Alegre / RS - Centro Histórico Rua dos Andradas,  1814 78,06m² útil Valor R$
          177.127,50"|||https://www.portalzuk.com.br/imovel/rs/porto-alegre/centro-historico-/rua-dos-andradas-1814/35476-220131|Zukerman||||78,06 m²
1017|https://imagens.portalzuk.com.br/mini/2026/01/0813ae4f18d616f626a40387ad1f219c.webp|https://imagens.portalzuk.com.br/mini/2026/01/0813ae4f18d616f626a40387ad1f219c.webp;https://imagens.portalzuk.com.br/mini/2026/01/0813ae4f18d616f626a40387ad1f219c.webp|Porto Alegre / RS - Cristal Rua Orfanotrófio,  1111|"Porto Alegre / RS - Cristal Rua Orfanotrófio,  1111 Aberto para Proposta Apartamento Porto Alegre / RS - Cristal Rua Orfanotrófio,  1111 81,55m² útil Valor R$
          140.580,00"|Venda|"R$
          140.580,00"|Apartamento|Zukerman|"Aberto para Proposta Apartamento Porto Alegre / RS - Cristal Rua Orfanotrófio,  1111 81,55m² útil Valor R$
          140.580,00"|||https://www.portalzuk.com.br/imovel/rs/porto-alegre/cristal/rua-orfanotrofio-1111/35476-220144|Zukerman||||81,55 m²
1018|https://imagens.portalzuk.com.br/mini/2026/01/c0330d808777f1e888a32e35f908664d.webp|https://imagens.portalzuk.com.br/mini/2026/01/c0330d808777f1e888a32e35f908664d.webp;https://imagens.portalzuk.com.br/mini/2026/01/c0330d808777f1e888a32e35f908664d.webp|Porto Alegre / RS - São Geraldo Avenida Polônia,  375|"Porto Alegre / RS - São Geraldo Avenida Polônia,  375 Aberto para Proposta Apartamento Porto Alegre / RS - São Geraldo Avenida Polônia,  375 94,25m² útil Valor R$
          327.360,00"|Venda|"R$
          327.360,00"|Apartamento|Zukerman|"Aberto para Proposta Apartamento Porto Alegre / RS - São Geraldo Avenida Polônia,  375 94,25m² útil Valor R$
          327.360,00"|||https://www.portalzuk.com.br/imovel/rs/porto-alegre/sao-geraldo/avenida-polonia-375/35476-220159|Zukerman||||94,25 m²
1019|https://imagens.portalzuk.com.br/mini/2026/02/46451ae110ed82ab308adeac2a6686b1.webp|https://imagens.portalzuk.com.br/mini/2026/02/46451ae110ed82ab308adeac2a6686b1.webp;https://imagens.portalzuk.com.br/mini/2026/02/46451ae110ed82ab308adeac2a6686b1.webp|Porto Alegre / RS - Floresta Rua Voluntários da Pátria,  700|"Porto Alegre / RS - Floresta Rua Voluntários da Pátria,  700 Desocupado Apartamento Porto Alegre / RS - Floresta Rua Voluntários da Pátria,  700 Lance inicial R$
                      20.000,00 27/02/2026 às 16:21"|Venda|"R$
                      20.000,00"|Apartamento|Zukerman|"Desocupado Apartamento Porto Alegre / RS - Floresta Rua Voluntários da Pátria,  700 Lance inicial R$
                      20.000,00 27/02/2026 às 16:21"||||Zukerman||||
1020|https://imagens.portalzuk.com.br/mini/2026/02/95d3f4dd65a32e03884ee7ae8f16416a.webp|https://imagens.portalzuk.com.br/mini/2026/02/95d3f4dd65a32e03884ee7ae8f16416a.webp;https://imagens.portalzuk.com.br/mini/2026/02/95d3f4dd65a32e03884ee7ae8f16416a.webp|Porto Alegre / RS - Nonai Avenida Fabio Araujo Santos,  1145|"Porto Alegre / RS - Nonai Avenida Fabio Araujo Santos,  1145 Apartamento Porto Alegre / RS - Nonai Avenida Fabio Araujo Santos,  1145 Valor R$
                      184.800,00 03/03/2026 às 10:36"|Venda|"R$
                      184.800,00"|Apartamento|Zukerman|"Apartamento Porto Alegre / RS - Nonai Avenida Fabio Araujo Santos,  1145 Valor R$
                      184.800,00 03/03/2026 às 10:36"||||Zukerman||||
1021|https://imagens.portalzuk.com.br/mini/2026/02/af76420a527464d2aa93c2228c2c793a.webp|https://imagens.portalzuk.com.br/mini/2026/02/af76420a527464d2aa93c2228c2c793a.webp;https://imagens.portalzuk.com.br/mini/2026/02/af76420a527464d2aa93c2228c2c793a.webp|Porto Alegre / RS - Parque Santa Fé Rua Alvaro Domingues,  45|"Porto Alegre / RS - Parque Santa Fé Rua Alvaro Domingues,  45 Apartamento Porto Alegre / RS - Parque Santa Fé Rua Alvaro Domingues,  45 Valor R$
                      158.400,00 03/03/2026 às 10:53"|Venda|"R$
                      158.400,00"|Apartamento|Zukerman|"Apartamento Porto Alegre / RS - Parque Santa Fé Rua Alvaro Domingues,  45 Valor R$
                      158.400,00 03/03/2026 às 10:53"||||Zukerman||||
1022|https://imagens.portalzuk.com.br/mini/2026/02/0650cae73f8e472b3efd6edfae4edfb1.webp|https://imagens.portalzuk.com.br/mini/2026/02/0650cae73f8e472b3efd6edfae4edfb1.webp;https://imagens.portalzuk.com.br/mini/2026/02/0650cae73f8e472b3efd6edfae4edfb1.webp|Porto Alegre / RS - Vila São José Rua Primeiro de Setembro,  340|"Porto Alegre / RS - Vila São José Rua Primeiro de Setembro,  340 Apartamento Porto Alegre / RS - Vila São José Rua Primeiro de Setembro,  340 Valor R$
                      179.400,00 03/03/2026 às 10:59"|Venda|"R$
                      179.400,00"|Apartamento|Zukerman|"Apartamento Porto Alegre / RS - Vila São José Rua Primeiro de Setembro,  340 Valor R$
                      179.400,00 03/03/2026 às 10:59"||||Zukerman||||
1023|https://imagens.portalzuk.com.br/mini/2026/02/44254f01e37fd3ca9f3ac614c707188e.webp|https://imagens.portalzuk.com.br/mini/2026/02/44254f01e37fd3ca9f3ac614c707188e.webp;https://imagens.portalzuk.com.br/mini/2026/02/44254f01e37fd3ca9f3ac614c707188e.webp|Porto Alegre / RS - Cristal Rua Jatai, 225, Ap 208 Box 05 - Edificio Cambremont, Cristal,  225|"Porto Alegre / RS - Cristal Rua Jatai, 225, Ap 208 Box 05 - Edificio Cambremont, Cristal,  225 Apartamento Porto Alegre / RS - Cristal Rua Jatai, 225, Ap 208 Box 05 - Edificio Cambremont, Cristal,  225 Valor R$
                      268.000,00 03/03/2026 às 11:13"|Venda|"R$
                      268.000,00"|Apartamento|Zukerman|"Apartamento Porto Alegre / RS - Cristal Rua Jatai, 225, Ap 208 Box 05 - Edificio Cambremont, Cristal,  225 Valor R$
                      268.000,00 03/03/2026 às 11:13"||||Zukerman||||
1024|https://imagens.portalzuk.com.br/mini/2026/02/152418154b68383ed65cda27dbef4d1d.webp|https://imagens.portalzuk.com.br/mini/2026/02/152418154b68383ed65cda27dbef4d1d.webp;https://imagens.portalzuk.com.br/mini/2026/02/152418154b68383ed65cda27dbef4d1d.webp|Porto Alegre / RS - Serraria Avenida Serraria,  2222|"Porto Alegre / RS - Serraria Avenida Serraria,  2222 Desocupado Casa Porto Alegre / RS - Serraria Avenida Serraria,  2222 Valor R$
                      495.000,00 03/03/2026 às 12:12"|Venda|"R$
                      495.000,00"|Casa|Zukerman|"Desocupado Casa Porto Alegre / RS - Serraria Avenida Serraria,  2222 Valor R$
                      495.000,00 03/03/2026 às 12:12"||||Zukerman||||
1025|https://imagens.portalzuk.com.br/mini/2026/02/ded41c4b6be6242499d0b190e6f7cd06.webp|https://imagens.portalzuk.com.br/mini/2026/02/ded41c4b6be6242499d0b190e6f7cd06.webp;https://imagens.portalzuk.com.br/mini/2026/02/ded41c4b6be6242499d0b190e6f7cd06.webp|Porto Alegre / RS - Sarandi Avenida Toledo Piza,  733|"Porto Alegre / RS - Sarandi Avenida Toledo Piza,  733 Casa Porto Alegre / RS - Sarandi Avenida Toledo Piza,  733 Valor R$
                      187.600,00 03/03/2026 às 12:37"|Venda|"R$
                      187.600,00"|Casa|Zukerman|"Casa Porto Alegre / RS - Sarandi Avenida Toledo Piza,  733 Valor R$
                      187.600,00 03/03/2026 às 12:37"||||Zukerman||||
1026|https://imagens.portalzuk.com.br/mini/2026/02/f96190de202e7d0477f0fdefd8578990.webp|https://imagens.portalzuk.com.br/mini/2026/02/f96190de202e7d0477f0fdefd8578990.webp;https://imagens.portalzuk.com.br/mini/2026/02/f96190de202e7d0477f0fdefd8578990.webp|Porto Alegre / RS - São Geraldo Rua Olinda,  411|"Porto Alegre / RS - São Geraldo Rua Olinda,  411 Apartamento Porto Alegre / RS - São Geraldo Rua Olinda,  411 Valor R$
                      672.000,00 03/03/2026 às 14:10"|Venda|"R$
                      672.000,00"|Apartamento|Zukerman|"Apartamento Porto Alegre / RS - São Geraldo Rua Olinda,  411 Valor R$
                      672.000,00 03/03/2026 às 14:10"||||Zukerman||||
1027|https://imagens.portalzuk.com.br/mini/2026/02/aa8d61f953a501b8e5c174835817d175.webp|https://imagens.portalzuk.com.br/mini/2026/02/aa8d61f953a501b8e5c174835817d175.webp;https://imagens.portalzuk.com.br/mini/2026/02/aa8d61f953a501b8e5c174835817d175.webp|Porto Alegre / RS - Hípica Rua Sylvio Mottola,  122|"Porto Alegre / RS - Hípica Rua Sylvio Mottola,  122 Casa Porto Alegre / RS - Hípica Rua Sylvio Mottola,  122 Valor R$
                      305.000,00 03/03/2026 às 14:14"|Venda|"R$
                      305.000,00"|Casa|Zukerman|"Casa Porto Alegre / RS - Hípica Rua Sylvio Mottola,  122 Valor R$
                      305.000,00 03/03/2026 às 14:14"||||Zukerman||||
1028|https://image.leilaoimovel.com.br/images/73/apartamento-caixa-em-porto-alegre-rs-2435173-imovel-2435173-a02f825f19b343b92a6c6f7c204d4b5a253cf287-m.webp|https://image.leilaoimovel.com.br/images/73/apartamento-caixa-em-porto-alegre-rs-2435173-imovel-2435173-a02f825f19b343b92a6c6f7c204d4b5a253cf287-m.webp;https://image.leilaoimovel.com.br/images/73/apartamento-caixa-em-porto-alegre-rs-2435173-imovel-2435173-a02f825f19b343b92a6c6f7c204d4b5a253cf287-m.webp|Apartamento Caixa em Porto Alegre / RS - 2435173|Apartamento Caixa em Porto Alegre / RS - 2435173 RUA AUGUSTO SEVERO,N. 125 APTO. 205 BOX VG, VG, SAO JOAO - CEP: 90240-480, PORTO ALEGRE - RIO GRANDE DO SUL|Venda|R$ 363.269,15|Apartamento|Financiamento|RUA AUGUSTO SEVERO,N. 125 APTO. 205 BOX VG, VG, SAO JOAO - CEP: 90240-480, PORTO ALEGRE - RIO GRANDE DO SUL|||https://www.leilaoimovel.com.br/imovel/rs/porto-alegre/residencial-cond-res-vida-viva-clube-moinho-2-quartos-1-vaga-na-garagem-area-de-servic-imovel-caixa-economica-federal-cef-2435173-1444405096332-venda-direta-caixa|Financiamento|RS|Apartamento Caixa em Porto Alegre|Apartamento Caixa em Porto Alegre|
1029|https://image.leilaoimovel.com.br/images/18/apartamento-caixa-em-porto-alegre-rs-1661318-imovel-1661318-0363775ba803f31313e82f5d6e0aaeee07dd8734-m.webp|https://image.leilaoimovel.com.br/images/18/apartamento-caixa-em-porto-alegre-rs-1661318-imovel-1661318-0363775ba803f31313e82f5d6e0aaeee07dd8734-m.webp;https://image.leilaoimovel.com.br/images/18/apartamento-caixa-em-porto-alegre-rs-1661318-imovel-1661318-0363775ba803f31313e82f5d6e0aaeee07dd8734-m.webp|Apartamento Caixa em Porto Alegre / RS - 1661318|Apartamento Caixa em Porto Alegre / RS - 1661318 RUA IRMAO FELIX ROBERTO,N. 100 APTO. 1314 TORRE C, HUMAITA - CEP: 90250-170, PORTO ALEGRE - RIO GRANDE DO SUL|Venda|R$ 146.360,65|Apartamento|FGTS|RUA IRMAO FELIX ROBERTO,N. 100 APTO. 1314 TORRE C, HUMAITA - CEP: 90250-170, PORTO ALEGRE - RIO GRANDE DO SUL|||https://www.leilaoimovel.com.br/imovel/rs/porto-alegre/residencial-cond-res-rossi-mais-1-vaga-na-garagem-imovel-caixa-economica-federal-cef-1661318-1155530200910-venda-direta-caixa|FGTS|RS|Apartamento Caixa em Porto Alegre|Apartamento Caixa em Porto Alegre|
1030|https://image.leilaoimovel.com.br/images/11/apartamento-caixa-em-porto-alegre-rs-1661311-imovel-1661311-0ba6eebe11fbeb9b920a18068c7eb43cf338e364-m.webp|https://image.leilaoimovel.com.br/images/11/apartamento-caixa-em-porto-alegre-rs-1661311-imovel-1661311-0ba6eebe11fbeb9b920a18068c7eb43cf338e364-m.webp;https://image.leilaoimovel.com.br/images/11/apartamento-caixa-em-porto-alegre-rs-1661311-imovel-1661311-0ba6eebe11fbeb9b920a18068c7eb43cf338e364-m.webp|Apartamento Caixa em Porto Alegre / RS - 1661311|Apartamento Caixa em Porto Alegre / RS - 1661311 RUA IRMAO FELIX ROBERTO,N. 100 APTO. 418 TORRE C BOX 36, HUMAITA - CEP: 90250-170, PORTO ALEGRE - RIO GRANDE DO SUL|Venda|R$ 146.360,65|Apartamento|FGTS|RUA IRMAO FELIX ROBERTO,N. 100 APTO. 418 TORRE C BOX 36, HUMAITA - CEP: 90250-170, PORTO ALEGRE - RIO GRANDE DO SUL|||https://www.leilaoimovel.com.br/imovel/rs/porto-alegre/residencial-cond-res-rossi-mais-1-vaga-na-garagem-imovel-caixa-economica-federal-cef-1661311-1155530201088-venda-direta-caixa|FGTS|RS|Apartamento Caixa em Porto Alegre|Apartamento Caixa em Porto Alegre|
1031|https://image.leilaoimovel.com.br/images/10/apartamento-caixa-em-porto-alegre-rs-1661310-imovel-1661310-252a1b336f8bbcff91f0a91f7c11d69b647d1a08-m.webp|https://image.leilaoimovel.com.br/images/10/apartamento-caixa-em-porto-alegre-rs-1661310-imovel-1661310-252a1b336f8bbcff91f0a91f7c11d69b647d1a08-m.webp;https://image.leilaoimovel.com.br/images/10/apartamento-caixa-em-porto-alegre-rs-1661310-imovel-1661310-252a1b336f8bbcff91f0a91f7c11d69b647d1a08-m.webp|Apartamento Caixa em Porto Alegre / RS - 1661310|Apartamento Caixa em Porto Alegre / RS - 1661310 RUA IRMAO FELIX ROBERTO,N. 100 APTO. 318 TORRE C BOX 30, HUMAITA - CEP: 90250-170, PORTO ALEGRE - RIO GRANDE DO SUL|Venda|R$ 146.360,65|Apartamento|FGTS|RUA IRMAO FELIX ROBERTO,N. 100 APTO. 318 TORRE C BOX 30, HUMAITA - CEP: 90250-170, PORTO ALEGRE - RIO GRANDE DO SUL|||https://www.leilaoimovel.com.br/imovel/rs/porto-alegre/residencial-cond-res-rossi-mais-3-quartos-1-vaga-na-garagem-area-de-servico-wc-sala-imovel-caixa-economica-federal-cef-1661310-1155530201070-venda-direta-caixa|FGTS|RS|Apartamento Caixa em Porto Alegre|Apartamento Caixa em Porto Alegre|
1032|https://image.leilaoimovel.com.br/images/97/apartamento-caixa-em-porto-alegre-rs-1637997-imovel-1637997-2ce452c997d8db47431536da17369160d7124b65-m.webp|https://image.leilaoimovel.com.br/images/97/apartamento-caixa-em-porto-alegre-rs-1637997-imovel-1637997-2ce452c997d8db47431536da17369160d7124b65-m.webp;https://image.leilaoimovel.com.br/images/97/apartamento-caixa-em-porto-alegre-rs-1637997-imovel-1637997-2ce452c997d8db47431536da17369160d7124b65-m.webp|Apartamento Caixa em Porto Alegre / RS - 1637997|Apartamento Caixa em Porto Alegre / RS - 1637997 RUA IRMAO FELIX ROBERTO,N. 100 APTO. 816 TORRE C BOX 113, HUMAITA - CEP: 90250-170, PORTO ALEGRE - RIO GRANDE DO SUL|Venda|R$ 113.309,16|Apartamento|FGTS|RUA IRMAO FELIX ROBERTO,N. 100 APTO. 816 TORRE C BOX 113, HUMAITA - CEP: 90250-170, PORTO ALEGRE - RIO GRANDE DO SUL|||https://www.leilaoimovel.com.br/imovel/rs/porto-alegre/residencial-cond-res-rossi-mais-2-quartos-1-vaga-na-garagem-area-de-servico-wc-sala-imovel-caixa-economica-federal-cef-1637997-1155530200766-venda-direta-caixa|FGTS|RS|Apartamento Caixa em Porto Alegre|Apartamento Caixa em Porto Alegre|
1033|https://image.leilaoimovel.com.br/images/96/apartamento-caixa-em-porto-alegre-rs-1637996-imovel-1637996-164654dfc90a1bbe5e79615d1c6f32c4829e5693-m.webp|https://image.leilaoimovel.com.br/images/96/apartamento-caixa-em-porto-alegre-rs-1637996-imovel-1637996-164654dfc90a1bbe5e79615d1c6f32c4829e5693-m.webp;https://image.leilaoimovel.com.br/images/96/apartamento-caixa-em-porto-alegre-rs-1637996-imovel-1637996-164654dfc90a1bbe5e79615d1c6f32c4829e5693-m.webp|Apartamento Caixa em Porto Alegre / RS - 1637996|Apartamento Caixa em Porto Alegre / RS - 1637996 RUA IRMAO FELIX ROBERTO,N. 100 APTO. 1015 TORRE C BOX 102, HUMAITA - CEP: 90250-170, PORTO ALEGRE - RIO GRANDE DO SUL|Venda|R$ 113.309,16|Apartamento|FGTS|RUA IRMAO FELIX ROBERTO,N. 100 APTO. 1015 TORRE C BOX 102, HUMAITA - CEP: 90250-170, PORTO ALEGRE - RIO GRANDE DO SUL|||https://www.leilaoimovel.com.br/imovel/rs/porto-alegre/residencial-cond-res-rossi-mais-2-quartos-1-vaga-na-garagem-area-de-servico-wc-sala-imovel-caixa-economica-federal-cef-1637996-1155530200812-venda-direta-caixa|FGTS|RS|Apartamento Caixa em Porto Alegre|Apartamento Caixa em Porto Alegre|
1034|https://image.leilaoimovel.com.br/images/30/apartamento-caixa-em-porto-alegre-rs-2456830-imovel-2456830-72f403f026ff09c5ffc47cf150deef57a2f1b302-m.webp|https://image.leilaoimovel.com.br/images/30/apartamento-caixa-em-porto-alegre-rs-2456830-imovel-2456830-72f403f026ff09c5ffc47cf150deef57a2f1b302-m.webp;https://image.leilaoimovel.com.br/images/30/apartamento-caixa-em-porto-alegre-rs-2456830-imovel-2456830-72f403f026ff09c5ffc47cf150deef57a2f1b302-m.webp|Apartamento Caixa em Porto Alegre / RS - 2456830|Apartamento Caixa em Porto Alegre / RS - 2456830 RUA CARMELITA GRIPPI,N. 25 APTO. 302 BL 05 QD 03-C, RUBEM BERTA - CEP: 91170-070, PORTO ALEGRE - RIO GRANDE DO SUL|Venda|R$ 88.518,56|Apartamento|Venda Online|RUA CARMELITA GRIPPI,N. 25 APTO. 302 BL 05 QD 03-C, RUBEM BERTA - CEP: 91170-070, PORTO ALEGRE - RIO GRANDE DO SUL|||https://www.leilaoimovel.com.br/imovel/rs/porto-alegre/residencial-edificio-jardim-de-piedras-negras-2-quartos-area-de-servico-wc-sala-cozi-imovel-caixa-economica-federal-cef-2456830-8555513544618-venda-direta-caixa|Venda Online|RS|Apartamento Caixa em Porto Alegre|Apartamento Caixa em Porto Alegre|
1035|https://image.leilaoimovel.com.br/images/89/apartamento-caixa-em-porto-alegre-rs-2618989-imovel-2618989-1b3c3064d412c14525af504c0501c6569e3b624d-m.webp|https://image.leilaoimovel.com.br/images/89/apartamento-caixa-em-porto-alegre-rs-2618989-imovel-2618989-1b3c3064d412c14525af504c0501c6569e3b624d-m.webp;https://image.leilaoimovel.com.br/images/89/apartamento-caixa-em-porto-alegre-rs-2618989-imovel-2618989-1b3c3064d412c14525af504c0501c6569e3b624d-m.webp|Apartamento Caixa em Porto Alegre / RS - 2618989|Apartamento Caixa em Porto Alegre / RS - 2618989 RUA ALVARO CHAVES,N. 560 APTO. 109, FLORESTA - CEP: 90220-040, PORTO ALEGRE - RIO GRANDE DO SUL|Venda|R$ 51.840,42|Apartamento|Compra Direta|RUA ALVARO CHAVES,N. 560 APTO. 109, FLORESTA - CEP: 90220-040, PORTO ALEGRE - RIO GRANDE DO SUL|||https://www.leilaoimovel.com.br/imovel/rs/porto-alegre/residencial-edificio-tatuira-imovel-caixa-economica-federal-cef-2618989-8555511096200-venda-direta-caixa|Compra Direta|RS|Apartamento Caixa em Porto Alegre|Apartamento Caixa em Porto Alegre|
1036|https://image.leilaoimovel.com.br/images/15/apartamento-caixa-em-porto-alegre-rs-2575515-imovel-2575515-7b2230b021aa52eb92631bcdf41b90b32958783a-m.webp|https://image.leilaoimovel.com.br/images/15/apartamento-caixa-em-porto-alegre-rs-2575515-imovel-2575515-7b2230b021aa52eb92631bcdf41b90b32958783a-m.webp;https://image.leilaoimovel.com.br/images/15/apartamento-caixa-em-porto-alegre-rs-2575515-imovel-2575515-7b2230b021aa52eb92631bcdf41b90b32958783a-m.webp|Apartamento Caixa em Porto Alegre / RS - 2575515|Apartamento Caixa em Porto Alegre / RS - 2575515 RUA DOUTOR BARCELOS,N. 2434 APTO. 103 TR A PAV 01, VG 93, TRISTEZA - CEP: 91910-251, PORTO ALEGRE - RIO GRANDE DO SUL|Venda|R$ 213.500,29|Apartamento|Compra Direta|RUA DOUTOR BARCELOS,N. 2434 APTO. 103 TR A PAV 01, VG 93, TRISTEZA - CEP: 91910-251, PORTO ALEGRE - RIO GRANDE DO SUL|||https://www.leilaoimovel.com.br/imovel/rs/porto-alegre/residencial-edificio-the-sun-1-vaga-na-garagem-imovel-caixa-economica-federal-cef-2575515-1444403719251-venda-direta-caixa|Compra Direta|RS|Apartamento Caixa em Porto Alegre|Apartamento Caixa em Porto Alegre|
1037|https://image.leilaoimovel.com.br/images/78/apartamento-caixa-em-porto-alegre-rs-2556178-imovel-2556178-c71b5fcdead4dcbdefbe917b5e2a67d21adcb081-m.webp|https://image.leilaoimovel.com.br/images/78/apartamento-caixa-em-porto-alegre-rs-2556178-imovel-2556178-c71b5fcdead4dcbdefbe917b5e2a67d21adcb081-m.webp;https://image.leilaoimovel.com.br/images/78/apartamento-caixa-em-porto-alegre-rs-2556178-imovel-2556178-c71b5fcdead4dcbdefbe917b5e2a67d21adcb081-m.webp|Apartamento Caixa em Porto Alegre / RS - 2556178|Apartamento Caixa em Porto Alegre / RS - 2556178 RUA WALTON PONTES CARPES,N. 39 APTO. 408 BL E, VILA NOVA - CEP: 91740-864, PORTO ALEGRE - RIO GRANDE DO SUL|Venda|R$ 231.982,41|Apartamento|Compra Direta|RUA WALTON PONTES CARPES,N. 39 APTO. 408 BL E, VILA NOVA - CEP: 91740-864, PORTO ALEGRE - RIO GRANDE DO SUL|||https://www.leilaoimovel.com.br/imovel/rs/porto-alegre/residencial-condominio-barra-garden-zona-sul-2-quartos-1-vaga-na-garagem-2-wc-sala-c-imovel-caixa-economica-federal-cef-2556178-1555536886630-venda-direta-caixa|Compra Direta|RS|Apartamento Caixa em Porto Alegre|Apartamento Caixa em Porto Alegre|
1038|https://image.leilaoimovel.com.br/images/28/casa-caixa-em-porto-alegre-rs-2480928-imovel-2480928-f4471b3e0a06a4eced7f3de9377933af5f8dd73f-m.webp|https://image.leilaoimovel.com.br/images/28/casa-caixa-em-porto-alegre-rs-2480928-imovel-2480928-f4471b3e0a06a4eced7f3de9377933af5f8dd73f-m.webp;https://image.leilaoimovel.com.br/images/28/casa-caixa-em-porto-alegre-rs-2480928-imovel-2480928-f4471b3e0a06a4eced7f3de9377933af5f8dd73f-m.webp|Casa Caixa em Porto Alegre / RS - 2480928|Casa Caixa em Porto Alegre / RS - 2480928 RUA ATTILIO BETTIO,N. 300 CS 111, ABERTA DOS MORROS - CEP: 91755-124, PORTO ALEGRE - RIO GRANDE DO SUL|Venda|R$ 568.484,36|Casa|Compra Direta|RUA ATTILIO BETTIO,N. 300 CS 111, ABERTA DOS MORROS - CEP: 91755-124, PORTO ALEGRE - RIO GRANDE DO SUL|||https://www.leilaoimovel.com.br/imovel/rs/porto-alegre/residencial-jardins-do-lago-ii-imovel-caixa-economica-federal-cef-2480928-1444412908878-venda-direta-caixa|Compra Direta|RS|Casa Caixa em Porto Alegre|Casa Caixa em Porto Alegre|
1039|https://image.leilaoimovel.com.br/images/16/casa-caixa-em-porto-alegre-rs-2480916-imovel-2480916-91d1355fe7d09eeec9218a8951bca617ccce30ab-m.webp|https://image.leilaoimovel.com.br/images/16/casa-caixa-em-porto-alegre-rs-2480916-imovel-2480916-91d1355fe7d09eeec9218a8951bca617ccce30ab-m.webp;https://image.leilaoimovel.com.br/images/16/casa-caixa-em-porto-alegre-rs-2480916-imovel-2480916-91d1355fe7d09eeec9218a8951bca617ccce30ab-m.webp|Casa Caixa em Porto Alegre / RS - 2480916|Casa Caixa em Porto Alegre / RS - 2480916 AVENIDA EDGAR PIRES DE CASTRO,N. 2520 CS 34, HIPICA - CEP: 91786-299, PORTO ALEGRE - RIO GRANDE DO SUL|Venda|R$ 258.112,29|Casa|Compra Direta|AVENIDA EDGAR PIRES DE CASTRO,N. 2520 CS 34, HIPICA - CEP: 91786-299, PORTO ALEGRE - RIO GRANDE DO SUL|||https://www.leilaoimovel.com.br/imovel/rs/porto-alegre/residencial-edificio-residencial-e-comercial-quintas-do-prado-3-quartos-2-wc-lavabo-c-imovel-caixa-economica-federal-cef-2480916-1444418097766-venda-direta-caixa|Compra Direta|RS|Casa Caixa em Porto Alegre|Casa Caixa em Porto Alegre|
1040|https://image.leilaoimovel.com.br/images/41/casa-caixa-em-porto-alegre-rs-2419641-imovel-2419641-2a97c859fd782664a22784bf1555a2597e74f14b-m.webp|https://image.leilaoimovel.com.br/images/41/casa-caixa-em-porto-alegre-rs-2419641-imovel-2419641-2a97c859fd782664a22784bf1555a2597e74f14b-m.webp;https://image.leilaoimovel.com.br/images/41/casa-caixa-em-porto-alegre-rs-2419641-imovel-2419641-2a97c859fd782664a22784bf1555a2597e74f14b-m.webp|Casa Caixa em Porto Alegre / RS - 2419641|Casa Caixa em Porto Alegre / RS - 2419641 RUA BALDOINO BOTTINI,N. 549 QD A, HIPICA - CEP: 91787-775, PORTO ALEGRE - RIO GRANDE DO SUL|Venda|R$ 567.209,73|Casa|Financiamento|RUA BALDOINO BOTTINI,N. 549 QD A, HIPICA - CEP: 91787-775, PORTO ALEGRE - RIO GRANDE DO SUL|||https://www.leilaoimovel.com.br/imovel/rs/porto-alegre/residencial-loteamento-nova-ipanema-iii-3-quartos-area-de-servico-2-wc-2-salas-lavab-imovel-caixa-economica-federal-cef-2419641-1444420058403-venda-direta-caixa|Financiamento|RS|Casa Caixa em Porto Alegre|Casa Caixa em Porto Alegre|
1041|https://image.leilaoimovel.com.br/images/38/apartamento-caixa-em-porto-alegre-rs-2401438-imovel-2401438-b7276b45e0b8eb487c258aa9e6e2108e54a8e15b-m.webp|https://image.leilaoimovel.com.br/images/38/apartamento-caixa-em-porto-alegre-rs-2401438-imovel-2401438-b7276b45e0b8eb487c258aa9e6e2108e54a8e15b-m.webp;https://image.leilaoimovel.com.br/images/38/apartamento-caixa-em-porto-alegre-rs-2401438-imovel-2401438-b7276b45e0b8eb487c258aa9e6e2108e54a8e15b-m.webp|Apartamento Caixa em Porto Alegre / RS - 2401438|Apartamento Caixa em Porto Alegre / RS - 2401438 RUA MARINA SIRANGELO CASTELLO,N. 54 APTO. 425, VG MAT 117176, JARDIM ITU - CEP: 91215-089, PORTO ALEGRE - RIO GRANDE DO SUL|Venda|R$ 203.940,58|Apartamento|FGTS|RUA MARINA SIRANGELO CASTELLO,N. 54 APTO. 425, VG MAT 117176, JARDIM ITU - CEP: 91215-089, PORTO ALEGRE - RIO GRANDE DO SUL|||https://www.leilaoimovel.com.br/imovel/rs/porto-alegre/residencial-cond-res-europa-1-vaga-na-garagem-imovel-caixa-economica-federal-cef-2401438-1444403400450-venda-direta-caixa|FGTS|RS|Apartamento Caixa em Porto Alegre|Apartamento Caixa em Porto Alegre|
1042|https://image.leilaoimovel.com.br/images/39/casa-caixa-em-porto-alegre-rs-2394939-imovel-2394939-5dbb2ebb1e297d6ea7f2633bfa4a80fb62a7ff21-m.webp|https://image.leilaoimovel.com.br/images/39/casa-caixa-em-porto-alegre-rs-2394939-imovel-2394939-5dbb2ebb1e297d6ea7f2633bfa4a80fb62a7ff21-m.webp;https://image.leilaoimovel.com.br/images/39/casa-caixa-em-porto-alegre-rs-2394939-imovel-2394939-5dbb2ebb1e297d6ea7f2633bfa4a80fb62a7ff21-m.webp|Casa Caixa em Porto Alegre / RS - 2394939|Casa Caixa em Porto Alegre / RS - 2394939 AVENIDA NOSSA SENHORA DE GUADALUPE,N. 600 CASA 17, HIPICA - CEP: 91755-700, PORTO ALEGRE - RIO GRANDE DO SUL|Venda|R$ 254.925,72|Casa|Financiamento|AVENIDA NOSSA SENHORA DE GUADALUPE,N. 600 CASA 17, HIPICA - CEP: 91755-700, PORTO ALEGRE - RIO GRANDE DO SUL|||https://www.leilaoimovel.com.br/imovel/rs/porto-alegre/residencial-cond-resid-vida-nova-garden-ii-3-quartos-1-vaga-na-garagem-area-de-servi-imovel-caixa-economica-federal-cef-2394939-1444410389407-venda-direta-caixa|Financiamento|RS|Casa Caixa em Porto Alegre|Casa Caixa em Porto Alegre|
1043|https://image.leilaoimovel.com.br/images/08/apartamento-caixa-em-porto-alegre-rs-2380308-imovel-2380308-0bcdf945fe86753ee7bae954e091ff0d145d2265-m.webp|https://image.leilaoimovel.com.br/images/08/apartamento-caixa-em-porto-alegre-rs-2380308-imovel-2380308-0bcdf945fe86753ee7bae954e091ff0d145d2265-m.webp;https://image.leilaoimovel.com.br/images/08/apartamento-caixa-em-porto-alegre-rs-2380308-imovel-2380308-0bcdf945fe86753ee7bae954e091ff0d145d2265-m.webp|Apartamento Caixa em Porto Alegre / RS - 2380308|Apartamento Caixa em Porto Alegre / RS - 2380308 RUA GENERAL AUTO,N. 266 APTO. 202, CENTRO HISTORICO - CEP: 90010-380, PORTO ALEGRE - RIO GRANDE DO SUL|Venda|R$ 293.801,89|Apartamento|Financiamento|RUA GENERAL AUTO,N. 266 APTO. 202, CENTRO HISTORICO - CEP: 90010-380, PORTO ALEGRE - RIO GRANDE DO SUL|||https://www.leilaoimovel.com.br/imovel/rs/porto-alegre/residencial-ed-ouro-preto-3-quartos-area-de-servico-wc-sala-cozinha-imovel-caixa-economica-federal-cef-2380308-1555503948149-venda-direta-caixa|Financiamento|RS|Apartamento Caixa em Porto Alegre|Apartamento Caixa em Porto Alegre|
1044|https://image.leilaoimovel.com.br/images/27/casa-caixa-em-porto-alegre-rs-2359027-imovel-2359027-89f14660122d98be2d703207c0af0061d159838f-m.webp|https://image.leilaoimovel.com.br/images/27/casa-caixa-em-porto-alegre-rs-2359027-imovel-2359027-89f14660122d98be2d703207c0af0061d159838f-m.webp;https://image.leilaoimovel.com.br/images/27/casa-caixa-em-porto-alegre-rs-2359027-imovel-2359027-89f14660122d98be2d703207c0af0061d159838f-m.webp|Casa Caixa em Porto Alegre / RS - 2359027|Casa Caixa em Porto Alegre / RS - 2359027 AVENIDA JUCA BATISTA,N. 8000 UN 346 SETOR 4, CHAPEU DO SOL - CEP: 91781-200, PORTO ALEGRE - RIO GRANDE DO SUL|Venda|R$ 1.678.048,55|Casa|Compra Direta|AVENIDA JUCA BATISTA,N. 8000 UN 346 SETOR 4, CHAPEU DO SOL - CEP: 91781-200, PORTO ALEGRE - RIO GRANDE DO SUL|||https://www.leilaoimovel.com.br/imovel/rs/porto-alegre/residencial-cond-horiz-terra-ville-belem-novo-golf-club-imovel-caixa-economica-federal-cef-2359027-1600000177842-venda-direta-caixa|Compra Direta|RS|Casa Caixa em Porto Alegre|Casa Caixa em Porto Alegre|
1045|https://image.leilaoimovel.com.br/images/80/casa-caixa-em-porto-alegre-rs-2336680-imovel-2336680-8111257bed613989a8748c49c2d0d8d8428c163b-m.webp|https://image.leilaoimovel.com.br/images/80/casa-caixa-em-porto-alegre-rs-2336680-imovel-2336680-8111257bed613989a8748c49c2d0d8d8428c163b-m.webp;https://image.leilaoimovel.com.br/images/80/casa-caixa-em-porto-alegre-rs-2336680-imovel-2336680-8111257bed613989a8748c49c2d0d8d8428c163b-m.webp|Casa Caixa em Porto Alegre / RS - 2336680|Casa Caixa em Porto Alegre / RS - 2336680 AVENIDA CELESTINO BERTOLUCCI,N. 510 QD 12, LT 02, ABERTA DOS MORROS - CEP: 91755-020, PORTO ALEGRE - RIO GRANDE DO SUL|Venda|R$ 203.813,11|Casa|Compra Direta|AVENIDA CELESTINO BERTOLUCCI,N. 510 QD 12, LT 02, ABERTA DOS MORROS - CEP: 91755-020, PORTO ALEGRE - RIO GRANDE DO SUL|||https://www.leilaoimovel.com.br/imovel/rs/porto-alegre/residencial-loteamento-vila-urubatan-nao-foi-considerada-na-avaliacao-uma-casa-de-madeira-c-imovel-caixa-economica-federal-cef-2336680-10214195-venda-direta-caixa|Compra Direta|RS|Casa Caixa em Porto Alegre|Casa Caixa em Porto Alegre|
1046|https://image.leilaoimovel.com.br/images/97/terreno-caixa-em-porto-alegre-rs-2220797-imovel-2220797-a9a0173f0691a4587f60a25ab17cc7c0537841ce-m.webp|https://image.leilaoimovel.com.br/images/97/terreno-caixa-em-porto-alegre-rs-2220797-imovel-2220797-a9a0173f0691a4587f60a25ab17cc7c0537841ce-m.webp;https://image.leilaoimovel.com.br/images/97/terreno-caixa-em-porto-alegre-rs-2220797-imovel-2220797-a9a0173f0691a4587f60a25ab17cc7c0537841ce-m.webp|Terreno Caixa em Porto Alegre / RS - 2220797|Terreno Caixa em Porto Alegre / RS - 2220797 AVENIDA PERNAMBUCO,N. 350, NAVEGANTES - CEP: 90240-003, PORTO ALEGRE - RIO GRANDE DO SUL|Venda|R$ 437.005,91|Terreno|Compra Direta|AVENIDA PERNAMBUCO,N. 350, NAVEGANTES - CEP: 90240-003, PORTO ALEGRE - RIO GRANDE DO SUL|||https://www.leilaoimovel.com.br/imovel/rs/porto-alegre/terreno-navegantes-nao-existe-as-casas-descritas-na-matricula-averbacao-por-conta-do-adquire-imovel-caixa-economica-federal-cef-2220797-10176094-venda-direta-caixa|Compra Direta|RS|Terreno Caixa em Porto Alegre|Terreno Caixa em Porto Alegre|
